Date,Open,High,Low,Close,Adj Close,Volume
2016-06-07,46.750000,47.494999,46.610001,47.064999,34.796070,3441726
2016-06-08,46.910000,46.924999,46.200001,46.404999,34.308121,2696123
2016-06-09,46.235001,46.375000,45.764999,45.875000,33.916283,3133275
2016-06-10,45.685001,45.685001,44.044998,44.294998,32.748154,4739701
2016-06-13,43.599998,43.959999,43.009998,43.009998,31.798128,3839346
2016-06-14,42.500000,42.939999,41.779999,42.040001,31.080994,5774939
2016-06-15,42.750000,43.470001,42.299999,42.415001,31.358232,4662586
2016-06-16,41.705002,42.049999,41.130001,41.849998,30.940517,5352103
2016-06-17,42.564999,44.000000,42.435001,43.450001,32.123432,7433495
2016-06-20,45.090000,45.730000,44.904999,45.580002,33.698181,5670620
2016-06-21,45.580002,46.455002,45.419998,46.070000,34.060448,4164919
2016-06-22,46.490002,46.810001,46.049999,46.365002,34.278549,4440777
2016-06-23,46.555000,48.115002,46.410000,47.700001,35.265537,5550567
2016-06-24,38.500000,41.910000,38.500000,39.400002,29.129187,21339241
2016-06-27,38.680000,39.174999,35.270000,36.910000,27.288282,16415931
2016-06-28,38.000000,39.049999,37.674999,38.349998,28.352898,9430703
2016-06-29,39.099998,39.700001,38.855000,39.509998,29.210514,6956460
2016-06-30,39.369999,40.224998,38.660000,39.755001,29.391645,6396160
2016-07-01,40.134998,40.540001,39.259998,39.910000,29.506239,5051217
2016-07-04,40.060001,40.150002,39.110001,39.224998,28.999805,3402649
2016-07-05,38.700001,39.590000,38.615002,39.119999,28.922176,6765075
2016-07-06,38.540001,39.169998,37.985001,38.360001,28.360294,6323079
2016-07-07,38.605000,39.375000,38.365002,38.500000,28.463800,4344408
2016-07-08,38.264999,40.244999,38.020000,39.814999,29.436007,5686802
2016-07-11,40.360001,40.490002,39.395000,40.264999,29.768698,3480966
2016-07-12,40.494999,42.480000,40.215000,42.340000,31.302782,6165514
2016-07-13,42.400002,42.779999,41.334999,41.500000,30.681757,4588786
2016-07-14,42.165001,43.185001,41.950001,42.895000,31.713108,4934867
2016-07-15,42.820000,43.785000,42.250000,42.779999,31.628082,3987618
2016-07-18,43.025002,43.494999,41.790001,42.455002,31.387806,3476198
2016-07-19,42.349998,42.965000,41.480000,42.380001,31.332361,3000749
2016-07-20,42.689999,43.230000,42.230000,42.775002,31.624393,3449002
2016-07-21,42.560001,43.430000,42.400002,43.020000,31.805525,4170062
2016-07-22,42.740002,43.580002,42.584999,43.400002,32.086464,4037587
2016-07-25,43.200001,43.619999,42.709999,43.185001,31.927515,2591927
2016-07-26,43.070000,43.294998,42.299999,42.889999,31.709410,2791612
2016-07-27,42.900002,43.849998,42.884998,43.500000,32.160400,3387764
2016-07-28,44.599998,44.889999,42.564999,42.855000,31.683533,4678996
2016-07-29,43.064999,44.529999,43.009998,44.355000,32.792515,4955038
2016-08-01,45.000000,45.340000,43.355000,43.695000,32.304562,3563393
2016-08-02,43.404999,43.470001,41.584999,41.805000,30.907249,5436257
2016-08-03,42.014999,42.445000,41.360001,42.035000,31.077291,4482100
2016-08-04,42.395000,42.985001,42.139999,42.560001,31.465435,3241331
2016-08-05,42.750000,43.880001,42.709999,43.845001,32.415462,3495410
2016-08-08,44.000000,44.849998,43.939999,44.389999,32.818390,2715129
2016-08-09,44.415001,44.904999,43.990002,44.814999,33.132599,2417823
2016-08-10,44.400002,45.125000,44.380001,44.630001,32.995827,2670859
2016-08-11,45.009998,45.099998,44.355000,45.000000,33.269379,2621201
2016-08-12,44.904999,45.215000,44.630001,44.674999,33.029095,1975011
2016-08-15,44.665001,45.009998,44.474998,44.615002,32.984741,1251812
2016-08-16,44.314999,44.575001,43.834999,44.020000,32.544842,2608348
2016-08-17,44.355000,44.584999,43.369999,43.404999,32.090160,2726539
2016-08-18,43.759998,43.849998,42.915001,43.380001,32.071682,2234472
2016-08-19,43.305000,43.404999,42.020000,42.580002,31.480225,3075607
2016-08-22,42.500000,43.450001,42.279999,43.014999,31.801825,2741637
2016-08-23,43.205002,44.189999,43.160000,43.904999,32.459816,2961570
2016-08-24,43.700001,45.014999,43.445000,44.654999,33.014309,2709968
2016-08-25,44.435001,44.709999,44.029999,44.430000,32.847965,2233173
2016-08-26,44.314999,45.084999,44.180000,44.830002,33.143688,2094408
2016-08-29,44.625000,45.099998,44.310001,44.485001,32.888626,1601880
2016-08-30,44.830002,45.619999,44.700001,45.349998,33.528133,3644146
2016-08-31,45.430000,46.619999,45.305000,45.605000,33.716663,5373144
2016-09-01,46.025002,47.395000,45.985001,46.830002,34.622334,6625222
2016-09-02,47.259998,47.965000,46.389999,47.820000,35.354256,5280566
2016-09-05,47.980000,48.180000,47.294998,47.380001,35.028954,3498667
2016-09-06,47.525002,47.660000,46.685001,46.720001,34.541004,2740401
2016-09-07,46.889999,47.200001,46.209999,46.974998,34.729530,2832553
2016-09-08,46.990002,47.889999,46.509998,47.825001,35.357956,4367876
2016-09-09,47.735001,48.689999,47.345001,47.930000,35.435581,3766809
2016-09-12,46.919998,47.279999,46.130001,46.875000,34.655598,3757390
2016-09-13,47.180000,47.384998,46.014999,46.014999,34.019783,3078132
2016-09-14,46.360001,46.505001,45.720001,45.945000,33.968037,4109031
2016-09-15,45.805000,46.465000,45.169998,45.685001,33.775810,3884763
2016-09-16,45.500000,45.650002,44.500000,44.639999,33.003220,8034055
2016-09-19,45.095001,45.345001,44.724998,44.930000,33.217625,2738348
2016-09-20,44.980000,45.340000,44.599998,44.955002,33.236107,2763759
2016-09-21,46.060001,46.500000,45.820000,46.240002,34.186131,4645652
2016-09-22,46.674999,47.474998,46.375000,47.299999,34.969810,5030250
2016-09-23,46.955002,47.349998,46.584999,46.955002,34.714748,3697080
2016-09-26,46.575001,46.645000,45.130001,45.419998,33.579887,3919481
2016-09-27,45.799999,45.919998,44.525002,45.185001,33.406151,4208318
2016-09-28,45.215000,46.240002,45.185001,45.615002,33.724056,3447639
2016-09-29,46.090000,46.340000,45.200001,45.404999,33.568802,2463934
2016-09-30,43.900002,45.849998,43.235001,45.770000,33.838650,6379925
2016-10-03,45.799999,45.994999,45.125000,45.615002,33.724056,1773168
2016-10-04,45.724998,46.480000,45.485001,46.029999,34.030876,2739790
2016-10-05,45.755001,47.599998,45.575001,47.599998,35.191605,5192510
2016-10-06,47.860001,48.869999,47.755001,48.549999,35.893959,5924485
2016-10-07,48.465000,49.480000,48.125000,49.310001,36.455845,6422293
2016-10-10,49.000000,49.389999,48.490002,49.099998,36.300587,3801568
2016-10-11,48.770000,49.180000,48.264999,48.549999,35.893959,5893035
2016-10-12,48.650002,48.669998,47.959999,48.334999,35.735001,3989760
2016-10-13,47.904999,47.904999,46.544998,46.935001,34.699959,4343630
2016-10-14,47.189999,48.924999,47.080002,48.195000,35.631500,4201787
2016-10-17,47.895000,48.860001,47.865002,48.500000,35.856991,2779677
2016-10-18,48.740002,49.680000,48.685001,49.314999,36.459538,4579118
2016-10-19,49.849998,50.070000,49.209999,50.000000,36.965973,5396558
2016-10-20,49.950001,51.060001,49.855000,51.060001,37.749653,6512978
2016-10-21,51.160000,51.639999,50.790001,51.639999,38.178459,4924105
2016-10-24,51.860001,53.090000,51.860001,52.689999,38.954742,4845525
2016-10-25,52.689999,52.820000,52.160000,52.820000,39.050850,3465059
2016-10-26,52.919998,53.290001,52.419998,52.910000,39.117390,3679695
2016-10-27,53.180000,53.500000,52.730000,53.500000,39.553593,4723863
2016-10-28,52.740002,54.000000,52.439999,53.970001,39.901070,4182906
2016-10-31,53.299999,54.000000,52.709999,52.840000,39.065639,4015008
2016-11-01,53.240002,53.330002,52.419998,52.740002,38.991707,3134880
2016-11-02,51.689999,51.900002,50.759998,50.759998,37.527855,4858376
2016-11-03,50.750000,52.040001,50.320000,51.509998,38.082344,3754115
2016-11-04,51.259998,51.380001,50.400002,50.639999,37.439137,3112746
2016-11-07,51.970001,52.529999,51.669998,52.529999,38.836452,3680697
2016-11-08,52.400002,53.320000,52.090000,53.119999,39.272648,3607638
2016-11-09,51.410000,54.799999,51.049999,54.799999,40.514706,7603787
2016-11-10,55.770000,57.049999,55.119999,55.410000,40.965691,7805322
2016-11-11,55.970001,56.290001,54.230000,54.750000,40.477737,4636310
2016-11-14,55.400002,56.459999,55.180000,55.660000,41.150517,4745943
2016-11-15,55.650002,55.849998,54.930000,55.490002,41.024837,3442268
2016-11-16,55.549999,55.930000,53.950001,54.180000,40.056332,4367648
2016-11-17,53.700001,54.599998,53.389999,54.599998,40.366844,3669850
2016-11-18,55.000000,55.259998,53.980000,54.389999,40.211586,4165710
2016-11-21,54.750000,54.990002,54.209999,54.500000,40.292908,2437502
2016-11-22,55.099998,56.450001,54.480000,55.770000,41.231846,4327502
2016-11-23,55.790001,56.160000,54.840000,55.650002,41.143127,3287660
2016-11-24,55.580002,56.090000,55.080002,55.290001,40.876976,1710239
2016-11-25,55.419998,55.520000,54.619999,54.939999,40.618210,2037572
2016-11-28,54.660000,54.779999,53.240002,53.500000,39.553593,3796934
2016-11-29,53.369999,54.500000,53.119999,54.389999,40.211586,2899217
2016-11-30,54.400002,55.270000,53.970001,54.779999,40.499916,3968076
2016-12-01,54.680000,55.900002,54.570000,55.900002,41.327961,4231297
2016-12-02,55.500000,55.660000,54.310001,54.590000,40.359447,3954371
2016-12-05,54.080002,55.750000,53.779999,55.299999,40.884365,5112389
2016-12-06,54.919998,58.490002,54.869999,58.150002,42.991425,7171235
2016-12-07,59.209999,60.230000,58.669998,59.459999,43.959934,6624205
2016-12-08,59.450001,61.660000,58.919998,60.610001,44.810154,7038460
2016-12-09,60.599998,60.880001,59.650002,60.000000,44.359169,4746014
2016-12-12,60.000000,60.570000,59.090000,59.209999,43.775105,4261370
2016-12-13,58.790001,60.299999,58.000000,59.730000,44.159554,4297010
2016-12-14,59.320000,60.290001,58.580002,58.590000,43.316727,4813672
2016-12-15,58.990002,62.000000,58.900002,61.700001,45.616013,6936254
2016-12-16,61.500000,62.000000,60.959999,60.959999,45.068913,7851503
2016-12-19,60.779999,61.000000,60.189999,60.500000,44.728828,2991537
2016-12-20,60.570000,61.470001,60.310001,61.470001,45.445972,2989963
2016-12-21,61.439999,61.889999,60.689999,61.209999,45.253738,2460689
2016-12-22,60.930000,61.919998,60.930000,61.580002,45.527294,2029868
2016-12-23,61.700001,62.000000,60.889999,61.169998,45.224167,1821064
2016-12-27,60.599998,60.950001,60.509998,60.680000,44.861904,1270671
2016-12-28,60.669998,60.900002,60.259998,60.650002,44.839729,1465119
2016-12-29,60.230000,60.459999,59.639999,59.849998,44.248272,1523556
2016-12-30,59.810001,60.639999,59.560001,60.549999,44.765793,2143675
2017-01-02,60.119999,60.689999,59.849998,60.349998,44.617928,1259445
2017-01-03,60.930000,62.480000,60.560001,61.919998,45.778660,3185009
2017-01-04,62.380001,63.060001,61.980000,62.799999,46.429260,3705545
2017-01-05,62.320000,63.040001,61.590000,62.220001,46.000458,3288420
2017-01-06,61.869999,62.709999,61.290001,62.490002,46.200073,3017783
2017-01-09,62.480000,62.480000,60.650002,61.189999,45.238956,3069806
2017-01-10,61.299999,61.400002,60.639999,60.849998,44.987591,3176613
2017-01-11,60.869999,61.139999,60.369999,60.619999,44.817547,2747204
2017-01-12,60.389999,61.700001,60.189999,60.549999,44.765793,2660775
2017-01-13,61.090000,62.509998,61.020000,62.160000,45.956093,3252712
2017-01-16,61.020000,61.549999,60.900002,61.209999,45.253738,2079490
2017-01-17,60.840000,61.910000,60.509998,60.560001,44.773186,2627533
2017-01-18,60.599998,60.720001,59.169998,59.689999,44.129978,3151600
2017-01-19,60.110001,60.459999,59.419998,59.759998,44.181732,2644796
2017-01-20,59.590000,60.439999,59.230000,60.060001,44.403526,4119832
2017-01-23,59.500000,59.779999,58.930000,59.180000,43.752926,2142810
2017-01-24,59.549999,60.060001,59.400002,59.900002,44.285236,2029944
2017-01-25,60.680000,62.540001,60.599998,62.389999,46.126141,4714420
2017-01-26,62.590000,63.349998,61.549999,61.639999,45.571651,4344401
2017-01-27,61.540001,61.570000,60.610001,61.450001,45.431179,2455773
2017-01-30,61.029999,61.459999,59.880001,60.279999,44.566174,2726655
2017-01-31,60.430000,61.450001,59.180000,59.180000,43.752926,3697937
2017-02-01,59.880001,60.750000,59.540001,60.630001,44.824940,2939274
2017-02-02,60.389999,60.660000,59.720001,60.259998,44.551388,2570213
2017-02-03,60.770000,61.570000,60.340000,61.139999,45.201988,3001101
2017-02-06,61.500000,62.000000,60.009998,60.009998,44.366562,3173177
2017-02-07,57.049999,58.230000,56.990002,57.150002,42.252106,6259760
2017-02-08,57.000000,57.110001,54.790001,56.060001,41.446255,6207122
2017-02-09,57.000000,57.000000,55.830002,56.689999,41.912018,4888367
2017-02-10,57.070000,57.080002,55.509998,55.700001,41.180092,4233612
2017-02-13,56.000000,56.720001,55.480000,56.349998,41.660648,3554095
2017-02-14,56.320000,56.820000,55.820000,56.779999,41.978554,2541744
2017-02-15,56.980000,58.279999,56.980000,57.490002,42.503475,3734421
2017-02-16,57.490002,57.650002,57.009998,57.020000,42.155998,2820241
2017-02-17,57.020000,57.110001,55.380001,55.750000,41.217056,4155644
2017-02-20,56.320000,56.720001,55.349998,55.630001,41.128342,2330028
2017-02-21,55.410000,56.200001,54.959999,55.790001,41.246632,3196159
2017-02-22,55.959999,56.549999,54.700001,55.799999,41.254025,4064843
2017-02-23,56.000000,56.509998,55.150002,55.619999,41.120945,3164717
2017-02-24,55.200001,55.730000,53.959999,54.680000,40.425987,4135354
2017-02-27,55.189999,55.410000,54.669998,54.740002,40.470345,2935247
2017-02-28,54.750000,55.430000,54.619999,55.130001,40.758682,3605152
2017-03-01,55.889999,57.959999,55.740002,57.590000,42.577408,5436640
2017-03-02,57.910000,58.110001,57.490002,57.669998,42.636555,3819429
2017-03-03,57.700001,59.939999,57.529999,59.310001,43.849037,4950723
2017-03-06,58.990002,59.480000,58.459999,58.700001,43.398052,2809388
2017-03-07,59.000000,59.090000,58.090000,58.840000,43.501556,2755034
2017-03-08,59.000000,59.889999,58.560001,59.349998,43.878609,3422590
2017-03-09,59.330002,61.169998,59.220001,60.790001,44.943226,5616477
2017-03-10,60.959999,62.240002,60.840000,61.860001,45.734303,6413094
2017-03-13,61.299999,61.980000,61.139999,61.180000,45.231560,3102950
2017-03-14,61.220001,61.320000,59.650002,59.849998,44.248272,4114290
2017-03-15,59.380001,60.220001,59.279999,60.090000,44.425705,3492638
2017-03-16,61.220001,62.000000,60.520000,60.689999,44.869301,5451293
2017-03-17,60.869999,61.869999,60.060001,60.279999,44.566174,6076097
2017-03-20,60.029999,60.430000,59.599998,59.650002,44.100407,2123537
2017-03-21,60.349998,61.849998,60.040001,60.259998,44.551388,4120914
2017-03-22,59.410000,60.860001,58.959999,60.290001,44.573566,3657229
2017-03-23,60.549999,61.540001,59.950001,61.099998,45.172417,3635753
2017-03-24,61.099998,61.110001,60.220001,60.459999,44.699257,2643444
2017-03-27,59.400002,60.590000,59.160000,60.360001,44.625320,2867677
2017-03-28,60.580002,62.070000,60.299999,61.919998,45.778660,3658366
2017-03-29,62.450001,62.779999,61.450001,62.040001,45.867378,4058229
2017-03-30,62.799999,62.799999,61.090000,61.799999,45.689941,3106664
2017-03-31,61.490002,62.430000,61.279999,62.430000,46.155712,4030526
2017-04-03,62.480000,62.500000,60.599998,61.220001,45.261135,3344854
2017-04-04,61.060001,61.369999,60.040001,60.709999,44.884083,3359772
2017-04-05,60.980000,61.400002,60.099998,60.099998,44.433098,4681167
2017-04-06,59.580002,60.799999,59.049999,60.750000,44.913654,3907978
2017-04-07,60.669998,61.139999,60.290001,60.900002,45.024559,2703926
2017-04-10,60.930000,60.970001,59.820000,60.000000,44.359169,2942441
2017-04-11,59.500000,60.230000,59.009998,59.389999,43.908184,4574423
2017-04-12,59.650002,59.959999,58.720001,59.099998,43.693779,3248594
2017-04-13,59.250000,59.250000,57.900002,58.299999,43.102325,4836489
2017-04-18,58.500000,58.740002,57.240002,57.320000,42.377792,5836104
2017-04-19,57.470001,58.720001,57.299999,58.340000,43.131897,4987203
2017-04-20,58.110001,60.959999,57.860001,60.650002,44.839729,7687773
2017-04-21,60.889999,62.279999,60.250000,62.000000,45.837803,9830775
2017-04-24,68.000000,68.400002,65.940002,66.660004,49.283031,15635826
2017-04-25,66.870003,67.440002,66.449997,66.949997,49.497437,5475011
2017-04-26,66.500000,66.720001,65.599998,65.800003,48.647221,5537058
2017-04-27,65.519997,65.599998,64.639999,64.989998,48.048374,4839559
2017-04-28,64.589996,65.769997,64.400002,64.779999,47.893112,4471038
2017-05-02,64.800003,65.769997,64.800003,65.769997,48.625038,4603584
2017-05-03,66.099998,66.360001,65.430000,66.150002,48.905987,4251092
2017-05-04,65.000000,66.669998,64.889999,66.370003,49.068630,16917032
2017-05-05,65.949997,68.000000,65.830002,67.879997,50.185001,7417648
2017-05-08,68.169998,68.199997,66.370003,66.839996,49.416111,9427090
2017-05-09,67.900002,67.900002,66.379997,66.660004,49.283031,4960753
2017-05-10,66.599998,67.230003,65.830002,66.779999,49.371758,3944703
2017-05-11,67.139999,67.180000,65.839996,66.410004,49.098206,4500596
2017-05-12,66.199997,66.800003,65.949997,66.559998,49.209099,3123427
2017-05-15,67.000000,67.070000,66.010002,67.070000,49.586159,3542313
2017-05-16,67.199997,67.540001,66.750000,67.209999,49.689655,3225549
2017-05-17,66.690002,67.419998,64.849998,65.110001,48.137093,4902431
2017-05-18,64.800003,65.610001,63.599998,64.360001,47.582600,6779991
2017-05-19,64.699997,65.879997,64.400002,65.669998,48.551102,5064001
2017-05-22,66.019997,66.169998,65.410004,65.459999,48.395855,3327832
2017-05-23,65.199997,66.779999,65.019997,66.180000,48.928162,3776186
2017-05-24,66.279999,66.900002,65.769997,66.839996,49.416111,3396154
2017-05-25,67.099998,67.339996,66.510002,66.559998,49.209099,2793722
2017-05-26,66.519997,66.680000,65.260002,66.389999,49.083420,3753319
2017-05-29,66.209999,66.589996,65.809998,66.349998,49.053844,2266692
2017-05-30,63.099998,63.610001,62.619999,63.599998,49.015312,5403406
2017-05-31,63.700001,64.070000,62.799999,62.820000,48.414181,5190374
2017-06-01,63.000000,63.180000,62.090000,62.990002,48.545197,3333051
2017-06-02,63.849998,64.489998,63.090000,63.400002,48.861176,4343283
2017-06-05,63.400002,63.689999,62.639999,63.099998,48.629971,1771291
2017-06-06,62.689999,62.939999,61.959999,62.450001,48.129028,3271002
2017-06-07,62.340000,64.349998,62.230000,63.480000,48.922829,4585164
2017-06-08,63.820000,64.480003,62.830002,63.720001,49.107796,4052677
2017-06-09,64.050003,64.940002,63.389999,64.510002,49.716633,4733126
2017-06-12,64.470001,64.900002,63.040001,63.389999,48.853470,3405206
2017-06-13,63.750000,63.919998,63.090000,63.349998,48.822639,2565311
2017-06-14,63.730000,64.000000,62.270000,62.400002,48.090496,3996069
2017-06-15,62.240002,62.369999,61.080002,61.849998,47.666622,5378476
2017-06-16,62.380001,62.880001,61.680000,62.049999,47.820755,10471570
2017-06-19,62.860001,63.599998,62.750000,63.060001,48.599144,3238334
2017-06-20,63.500000,63.680000,62.549999,62.549999,48.206097,2552864
2017-06-21,62.290001,62.419998,61.110001,62.139999,47.890114,4040572
2017-06-22,61.910000,62.000000,61.180000,61.930000,47.728275,3356928
2017-06-23,62.160000,62.509998,61.180000,61.500000,47.396881,2919202
2017-06-26,61.799999,62.459999,61.389999,61.599998,47.473949,2765463
2017-06-27,61.529999,63.070000,61.080002,62.650002,48.283169,4960829
2017-06-28,62.549999,64.559998,62.160000,64.330002,49.577908,5874039
2017-06-29,64.940002,65.459999,63.639999,63.970001,49.300465,5940081
2017-06-30,64.099998,64.449997,62.820000,63.060001,48.599144,4945911
2017-07-03,63.490002,64.940002,63.400002,64.940002,50.048027,4643571
2017-07-04,64.550003,65.300003,64.519997,64.680000,49.847645,2708977
2017-07-05,64.900002,65.190002,64.260002,64.470001,49.685802,3638074
2017-07-06,64.550003,65.660004,64.059998,65.339996,50.356293,4822785
2017-07-07,65.949997,66.190002,65.180000,65.519997,50.495014,3635307
2017-07-10,65.949997,66.050003,65.089996,65.559998,50.525845,2444378
2017-07-11,65.879997,66.029999,65.040001,65.260002,50.294643,2590408
2017-07-12,65.629997,66.470001,65.269997,65.989998,50.857235,3705806
2017-07-13,66.080002,67.120003,65.959999,66.919998,51.573975,3212170
2017-07-14,67.019997,67.040001,65.709999,66.300003,51.096153,3192918
2017-07-17,66.470001,66.489998,65.529999,65.860001,50.757053,2519843
2017-07-18,65.599998,65.879997,64.379997,64.760002,49.909306,4170565
2017-07-19,65.150002,65.150002,64.000000,64.839996,49.970951,4175125
2017-07-20,65.000000,65.040001,63.980000,64.290001,49.547085,3971838
2017-07-21,64.180000,64.519997,63.310001,63.639999,49.046143,4642756
2017-07-24,63.770000,64.709999,63.250000,64.230003,49.500843,3163575
2017-07-25,64.139999,65.800003,64.110001,65.169998,50.225277,4083693
2017-07-26,65.199997,65.900002,65.120003,65.900002,50.787880,3087146
2017-07-27,65.139999,66.029999,65.010002,66.000000,50.864948,3221333
2017-07-28,65.389999,66.430000,65.050003,66.099998,50.942013,4158297
2017-07-31,65.949997,66.400002,65.570000,65.570000,50.533554,3582205
2017-08-01,66.360001,66.989998,65.790001,66.790001,51.473782,3276531
2017-08-02,66.910004,66.989998,66.040001,66.559998,51.296524,3016521
2017-08-03,66.300003,67.540001,66.089996,67.220001,51.805183,3115321
2017-08-04,66.870003,68.120003,66.639999,68.120003,52.498787,3262506
2017-08-07,68.199997,68.550003,67.930000,68.550003,52.830185,2564334
2017-08-08,68.459999,68.889999,68.339996,68.889999,53.092213,2799465
2017-08-09,68.169998,68.290001,66.699997,67.269997,51.843708,3957968
2017-08-10,67.300003,67.430000,66.010002,66.690002,51.396721,3216825
2017-08-11,66.129997,66.510002,65.050003,65.690002,50.626041,3731598
2017-08-14,66.190002,67.150002,65.849998,66.690002,51.396721,2820929
2017-08-15,67.000000,67.430000,66.610001,67.190002,51.782055,1815987
2017-08-16,67.599998,67.870003,67.230003,67.239998,51.820591,2124985
2017-08-17,66.889999,66.980003,65.570000,66.199997,51.019081,3343834
2017-08-18,65.120003,66.160004,64.949997,65.989998,50.857235,3331532
2017-08-21,65.489998,65.489998,64.250000,64.680000,49.847645,3030840
2017-08-22,65.250000,65.400002,64.739998,65.120003,50.186745,2123303
2017-08-23,65.070000,65.449997,63.970001,64.169998,49.454594,2528458
2017-08-24,64.559998,64.839996,64.269997,64.389999,49.624149,1801447
2017-08-25,64.660004,64.980003,64.220001,64.220001,49.493137,1569124
2017-08-28,63.860001,64.500000,63.860001,63.950001,49.285049,1160759
2017-08-29,63.369999,63.509998,62.919998,63.230000,48.730160,3260166
2017-08-30,63.750000,63.759998,62.959999,63.160000,48.676208,1742352
2017-08-31,63.830002,64.300003,63.790001,63.910000,49.254219,3212976
2017-09-01,64.480003,64.650002,63.840000,64.349998,49.593319,2106272
2017-09-04,63.810001,64.139999,63.720001,63.880001,49.231102,1499093
2017-09-05,64.089996,64.230003,62.529999,62.680000,48.306286,2715400
2017-09-06,62.410000,62.860001,62.209999,62.590000,48.236923,2212165
2017-09-07,62.950001,63.599998,62.130001,62.520000,48.182976,3158751
2017-09-08,62.200001,63.470001,62.119999,62.990002,48.545197,2872797
2017-09-11,63.580002,64.300003,63.529999,64.300003,49.554790,2647173
2017-09-12,64.699997,66.379997,64.559998,65.839996,50.741634,3882152
2017-09-13,65.949997,66.639999,65.739998,66.400002,51.173222,3216036
2017-09-14,66.160004,66.980003,65.980003,66.540001,51.281113,2823918
2017-09-15,66.190002,66.559998,65.580002,65.989998,50.857235,9212604
2017-09-18,66.279999,66.510002,65.959999,66.209999,51.026783,2539642
2017-09-19,66.410004,66.540001,65.809998,66.169998,50.995960,2032434
2017-09-20,66.029999,66.459999,65.389999,66.050003,50.903481,2403506
2017-09-21,66.610001,67.480003,66.489998,66.720001,51.419838,2850831
2017-09-22,66.500000,67.489998,66.480003,67.300003,51.866837,2750855
2017-09-25,67.099998,67.410004,66.169998,66.330002,51.119270,3021049
2017-09-26,66.089996,66.660004,65.870003,66.150002,50.980553,2436479
2017-09-27,66.379997,67.860001,66.349998,67.449997,51.982433,3554729
2017-09-28,67.709999,68.489998,67.260002,67.669998,52.151978,2878645
2017-09-29,67.660004,68.250000,67.339996,68.250000,52.598976,3748603
2017-10-02,68.000000,68.480003,67.849998,68.449997,52.753117,2402142
2017-10-03,68.500000,68.949997,68.500000,68.510002,52.799355,1715100
2017-10-04,68.459999,68.550003,67.089996,67.300003,51.866837,4543128
2017-10-05,67.080002,68.610001,67.040001,68.529999,52.814770,3347256
2017-10-06,68.699997,68.769997,68.029999,68.400002,52.714581,2521789
2017-10-09,68.639999,68.910004,67.660004,67.959999,52.375481,1835823
2017-10-10,67.660004,67.800003,66.970001,67.400002,51.943901,2765685
2017-10-11,67.870003,67.870003,66.699997,67.370003,51.920776,2661486
2017-10-12,67.260002,67.279999,66.320000,66.610001,51.335064,2485318
2017-10-13,66.489998,66.870003,65.839996,66.050003,50.903481,3038441
2017-10-16,66.180000,66.519997,65.709999,66.199997,51.019081,2369737
2017-10-17,66.139999,66.720001,65.620003,66.279999,51.080734,2448395
2017-10-18,66.500000,67.739998,66.400002,67.430000,51.967018,2586384
2017-10-19,67.389999,67.879997,66.839996,67.320000,51.882248,3255834
2017-10-20,67.900002,68.540001,67.860001,68.050003,52.444839,3458345
2017-10-23,68.309998,68.370003,67.510002,67.900002,52.329239,2427824
2017-10-24,67.739998,68.470001,67.620003,68.080002,52.467964,2866759
2017-10-25,67.870003,68.339996,67.220001,67.480003,52.005558,2658879
2017-10-26,67.110001,68.540001,67.080002,68.320000,52.652927,3295142
2017-10-27,68.709999,68.980003,68.110001,68.500000,52.791645,3572264
2017-10-30,68.500000,69.169998,68.410004,68.879997,53.084503,2489783
2017-10-31,66.610001,67.110001,66.419998,67.040001,51.666454,5094889
2017-11-01,67.239998,67.250000,65.949997,65.949997,50.826412,4670306
2017-11-02,66.120003,66.250000,65.449997,66.180000,51.003670,3432846
2017-11-03,66.180000,66.309998,65.379997,65.760002,50.679981,2585930
2017-11-06,65.400002,65.419998,64.470001,64.959999,50.063435,3781159
2017-11-07,65.250000,65.480003,64.730003,64.750000,49.901592,3096061
2017-11-08,65.099998,65.099998,64.139999,64.820000,49.955540,3819113
2017-11-09,64.760002,65.419998,64.519997,64.620003,49.801407,4518915
2017-11-10,64.470001,65.209999,64.349998,64.760002,49.909306,3107049
2017-11-13,64.660004,64.699997,63.240002,64.230003,49.500843,3327167
2017-11-14,64.169998,64.209999,63.160000,63.450001,48.899708,3370208
2017-11-15,63.150002,64.059998,62.590000,63.830002,49.192570,3674881
2017-11-16,64.050003,64.360001,63.660000,63.790001,49.161743,2387739
2017-11-17,63.720001,64.290001,62.750000,63.150002,48.668510,3534358
2017-11-20,63.000000,63.259998,62.619999,62.849998,48.437302,2587989
2017-11-21,62.700001,63.689999,62.580002,62.779999,48.383354,3200721
2017-11-22,62.919998,63.790001,62.810001,62.950001,48.514370,2703128
2017-11-23,62.759998,63.279999,62.529999,62.970001,48.529785,1681384
2017-11-24,62.849998,64.339996,62.830002,63.639999,49.046143,3026855
2017-11-27,63.549999,64.180000,63.009998,63.160000,48.676208,2567587
2017-11-28,63.290001,63.740002,63.290001,63.439999,48.892002,2443612
2017-11-29,64.239998,64.940002,64.070000,64.290001,49.547085,3547803
2017-11-30,64.519997,64.860001,63.580002,63.580002,48.999897,4217952
2017-12-01,63.599998,63.869999,62.639999,62.849998,48.437302,3486007
2017-12-04,63.970001,64.419998,63.689999,64.059998,49.369827,4052735
2017-12-05,63.939999,64.540001,63.160000,63.509998,48.945946,3370784
2017-12-06,62.919998,63.250000,62.599998,62.860001,48.445007,3185604
2017-12-07,63.099998,63.270000,62.700001,63.139999,48.660797,3519975
2017-12-08,64.389999,65.889999,64.160004,65.040001,50.125092,6311453
2017-12-11,65.300003,65.320000,64.410004,64.459999,49.678097,2914325
2017-12-12,64.699997,65.000000,63.779999,64.830002,49.963249,4065927
2017-12-13,64.459999,65.120003,64.160004,64.360001,49.601032,3869883
2017-12-14,64.320000,64.879997,63.490002,63.490002,48.930538,4097988
2017-12-15,63.490002,63.540001,62.580002,62.919998,48.491249,6688658
2017-12-18,63.520000,63.779999,63.110001,63.360001,48.830349,3372091
2017-12-19,63.250000,63.810001,63.040001,63.060001,48.599144,2719997
2017-12-20,63.099998,63.099998,62.310001,62.830002,48.421886,2937811
2017-12-21,62.650002,63.610001,62.320000,63.290001,48.776402,3146282
2017-12-22,62.810001,63.380001,62.669998,62.950001,48.514370,1845311
2017-12-27,62.889999,63.290001,62.630001,62.720001,48.337112,1709801
2017-12-28,62.599998,63.060001,62.520000,62.599998,48.244629,2109424
2017-12-29,62.720001,62.889999,62.029999,62.250000,47.974892,2428173
2018-01-02,62.680000,62.700001,61.660000,62.090000,47.851582,2785984
2018-01-03,62.320000,63.270000,61.980000,62.639999,48.275455,3766640
2018-01-04,62.709999,64.290001,62.709999,63.770000,49.146328,4272372
2018-01-05,64.139999,64.589996,63.669998,63.889999,49.238808,3125691
2018-01-08,64.290001,64.839996,64.010002,64.500000,49.708923,3030090
2018-01-09,64.730003,65.470001,64.610001,65.430000,50.425659,3474952
2018-01-10,65.500000,66.800003,65.190002,66.430000,51.196339,4849727
2018-01-11,66.589996,67.660004,66.110001,67.000000,51.635628,4473175
2018-01-12,67.459999,67.580002,66.900002,67.459999,51.990139,4306247
2018-01-15,67.309998,67.739998,66.919998,67.529999,52.044090,2109344
2018-01-16,67.349998,67.639999,66.660004,67.010002,51.643337,2951424
2018-01-17,66.419998,66.889999,65.830002,66.379997,51.157806,3613661
2018-01-18,66.500000,66.699997,65.989998,66.629997,51.350471,2973050
2018-01-19,66.760002,67.120003,66.320000,66.949997,51.597092,2999504
2018-01-22,66.919998,67.989998,66.529999,67.550003,52.059505,3439278
2018-01-23,67.839996,67.919998,67.040001,67.580002,52.082619,3184441
2018-01-24,67.540001,67.849998,67.180000,67.180000,51.774349,2726702
2018-01-25,67.150002,68.000000,66.809998,68.000000,52.406307,4060630
2018-01-26,67.949997,68.419998,67.779999,68.279999,52.622093,3011551
2018-01-29,68.419998,68.660004,68.330002,68.349998,52.676041,3639327
2018-01-30,67.930000,68.199997,66.739998,67.230003,51.812889,4629282
2018-01-31,67.209999,67.269997,66.440002,66.599998,51.327351,3423328
2018-02-01,67.230003,67.620003,65.860001,66.629997,51.350471,3816246
2018-02-02,66.480003,66.629997,65.540001,66.000000,50.864948,3800872
2018-02-05,65.250000,66.480003,65.010002,65.379997,50.387123,4418384
2018-02-06,62.450001,65.180000,61.380001,63.250000,48.745571,8757723
2018-02-07,64.050003,64.879997,63.020000,64.550003,49.747459,6000938
2018-02-08,64.589996,65.709999,63.939999,64.419998,49.647266,5868679
2018-02-09,64.070000,64.660004,62.250000,63.200001,48.707039,7487093
2018-02-12,63.740002,64.279999,63.130001,63.369999,48.838055,4501988
2018-02-13,63.520000,63.770000,62.939999,63.000000,48.552902,3965654
2018-02-14,63.439999,64.050003,62.770000,63.580002,48.999897,4670268
2018-02-15,64.199997,64.930000,63.700001,63.900002,49.246517,4155361
2018-02-16,64.199997,64.930000,63.889999,64.650002,49.824528,4358106
2018-02-19,64.800003,65.129997,64.610001,64.610001,49.793701,1679014
2018-02-20,64.540001,65.129997,64.199997,65.080002,50.155922,2423621
2018-02-21,65.239998,65.379997,64.309998,64.949997,50.055725,2473461
2018-02-22,64.639999,65.279999,64.519997,65.099998,50.171329,2664594
2018-02-23,65.230003,65.290001,64.559998,64.889999,50.009487,1874015
2018-02-26,65.110001,65.160004,64.610001,64.870003,49.994080,2018193
2018-02-27,65.220001,65.820000,64.930000,65.519997,50.495014,3175607
2018-02-28,65.190002,66.040001,65.190002,65.370003,50.379414,2975611
2018-03-01,65.110001,65.199997,64.050003,64.709999,49.870770,3389069
2018-03-02,64.050003,64.260002,62.619999,62.880001,48.460423,5513707
2018-03-05,62.939999,63.330002,61.630001,62.060001,47.828465,5342205
2018-03-06,62.700001,63.320000,62.439999,62.439999,48.121319,3500809
2018-03-07,62.209999,62.680000,61.650002,62.490002,48.159855,3006570
2018-03-08,62.680000,63.689999,62.310001,62.950001,48.514370,3354021
2018-03-09,62.970001,63.450001,62.560001,62.930000,48.498955,2565228
2018-03-12,63.250000,63.430000,62.669998,62.880001,48.460423,1972156
2018-03-13,62.919998,63.560001,62.439999,62.580002,48.229218,3248641
2018-03-14,62.459999,62.599998,61.340000,61.630001,47.497070,3767349
2018-03-15,61.869999,62.020000,61.509998,61.810001,47.635796,3499805
2018-03-16,61.910000,62.849998,61.759998,62.450001,48.129028,7559838
2018-03-19,62.410000,62.759998,61.520000,61.730000,47.574139,2812442
2018-03-20,61.900002,62.340000,61.480000,61.599998,47.473949,2957045
2018-03-21,61.509998,61.820000,60.869999,61.230000,47.188801,2937721
2018-03-22,60.639999,61.150002,59.150002,60.110001,46.325634,4860287
2018-03-23,59.560001,59.560001,58.779999,59.240002,45.655140,5100643
2018-03-26,59.439999,59.500000,58.430000,58.880001,45.377697,3416201
2018-03-27,59.990002,60.139999,59.250000,59.529999,45.878635,3730771
2018-03-28,58.770000,60.020000,58.430000,60.020000,46.256275,4349077
2018-03-29,60.520000,60.860001,60.169998,60.169998,46.371872,3588392
2018-04-03,60.139999,60.279999,59.360001,59.689999,46.001949,2706351
2018-04-04,59.759998,59.889999,58.330002,59.439999,45.809280,3378693
2018-04-05,60.650002,61.470001,60.599998,61.099998,47.088604,4095021
2018-04-06,60.950001,60.990002,60.459999,60.570000,46.680149,3067661
2018-04-09,60.799999,61.240002,60.689999,60.860001,46.903648,2270491
2018-04-10,61.000000,61.680000,60.919998,61.310001,47.250454,2703839
2018-04-11,61.119999,61.209999,60.689999,60.919998,46.949886,2210888
2018-04-12,61.150002,61.540001,60.950001,61.230000,47.188801,2279053
2018-04-13,61.209999,62.139999,61.099998,61.450001,47.358345,2949437
2018-04-16,61.669998,61.790001,61.419998,61.540001,47.427708,1786620
2018-04-17,61.810001,62.230000,61.700001,61.930000,47.728275,2576090
2018-04-18,61.980000,62.490002,61.930000,62.240002,47.967182,3066349
2018-04-19,62.150002,62.820000,62.029999,62.590000,48.236923,2401061
2018-04-20,62.830002,63.369999,62.639999,63.209999,48.714741,4200385
2018-04-23,63.119999,63.959999,63.099998,63.900002,49.246517,2792526
2018-04-24,63.840000,64.029999,63.380001,64.000000,49.323582,2986284
2018-04-25,63.610001,63.869999,63.029999,63.500000,48.938244,3007775
2018-04-26,63.369999,63.889999,63.130001,63.240002,48.737865,3108985
2018-04-27,63.349998,63.599998,62.810001,63.570000,48.992195,2478984
2018-04-30,63.570000,63.980000,63.459999,63.980000,49.308167,2498616
2018-05-02,64.000000,64.370003,63.900002,64.349998,49.593319,3328173
2018-05-03,64.110001,64.180000,62.869999,63.400002,48.861176,3780046
2018-05-04,61.770000,62.669998,61.160000,62.669998,48.298576,5687364
2018-05-07,62.650002,62.650002,61.880001,62.369999,48.067371,2039671
2018-05-08,62.230000,62.480000,61.419998,61.959999,47.751392,3283381
2018-05-09,62.009998,62.939999,62.000000,62.650002,48.283169,3701458
2018-05-10,62.650002,62.860001,62.070000,62.750000,48.360229,2100853
2018-05-11,62.660000,62.820000,62.250000,62.770000,48.375648,2205688
2018-05-14,62.709999,62.980000,62.570000,62.880001,48.460423,2143544
2018-05-15,62.959999,63.369999,62.740002,63.189999,48.699329,3066556
2018-05-16,62.990002,63.080002,61.889999,62.270000,47.990307,3690239
2018-05-17,62.279999,62.750000,61.799999,62.180000,47.920944,3345709
2018-05-18,62.099998,62.150002,61.419998,61.580002,47.458538,5722010
2018-05-21,61.750000,61.869999,61.480000,61.630001,47.497070,1472129
2018-05-22,61.799999,62.830002,61.709999,62.700001,48.321697,5139935
2018-05-23,62.560001,62.700001,61.509998,61.790001,47.620377,4134195
2018-05-24,62.020000,62.279999,60.730000,61.240002,47.196503,3945234
2018-05-25,61.520000,61.570000,59.810001,60.540001,46.657028,5661706
2018-05-28,61.410000,61.590000,59.000000,59.889999,46.156086,5840660
2018-05-29,59.000000,59.250000,56.759998,57.220001,44.098366,11368737
2018-05-30,54.570000,54.959999,53.599998,54.240002,44.130909,9678749
2018-05-31,54.389999,54.730000,52.740002,53.060001,43.170837,9226137
2018-06-01,54.189999,54.369999,53.660000,53.889999,43.846142,7909224
2018-06-04,54.700001,54.939999,53.860001,54.090000,44.008865,4939425
2018-06-05,54.470001,54.470001,53.119999,53.119999,43.219650,4499395
2018-06-06,53.330002,53.860001,52.950001,53.689999,43.683414,5162128
2018-06-07,54.119999,54.889999,53.970001,54.110001,44.025139,5064686
2018-06-08,53.669998,53.830002,53.290001,53.700001,43.691555,4269307
2018-06-11,54.380001,54.750000,53.919998,54.680000,44.488907,5148616
2018-06-12,55.189999,55.209999,54.439999,54.660000,44.472630,3629546
2018-06-13,54.790001,54.910000,54.279999,54.509998,44.350586,3822389
2018-06-14,54.290001,55.250000,54.110001,54.840000,44.619083,4640173
2018-06-15,54.910000,54.919998,53.279999,54.139999,44.049549,8073005
2018-06-18,54.000000,54.310001,53.419998,53.950001,43.894962,4662582
2018-06-19,53.270000,53.959999,52.990002,53.750000,43.732235,3760027
2018-06-20,54.099998,54.299999,53.680000,53.700001,43.691555,3884870
2018-06-21,53.849998,53.950001,52.970001,53.200001,43.284740,4431027
2018-06-22,53.200001,53.919998,53.200001,53.919998,43.870548,3496265
2018-06-25,53.450001,53.639999,52.849998,52.869999,43.016243,2881300
2018-06-26,53.340000,53.369999,52.700001,52.740002,42.910477,2791423
2018-06-27,52.250000,53.360001,51.610001,52.849998,42.999973,4224546
2018-06-28,52.549999,53.099998,52.330002,52.709999,42.886066,3946413
2018-06-29,53.340000,53.980000,53.009998,53.189999,43.276604,4681110
2018-07-02,52.700001,52.959999,51.980000,52.939999,43.073196,3132659
2018-07-03,53.389999,54.009998,52.790001,53.189999,43.276604,3194721
2018-07-04,53.080002,53.400002,52.930000,53.209999,43.292877,2452826
2018-07-05,53.279999,54.590000,53.209999,54.139999,44.049549,5152959
2018-07-06,54.299999,54.430000,53.520000,53.860001,43.821732,3275468
2018-07-09,54.299999,54.389999,53.740002,53.910000,43.862415,2650792
2018-07-10,54.040001,54.090000,53.110001,53.410000,43.455605,3693935
2018-07-11,53.090000,53.139999,52.369999,52.590000,42.788433,3748213
2018-07-12,52.799999,52.810001,52.049999,52.400002,42.633842,3295926
2018-07-13,52.590000,52.709999,52.139999,52.380001,42.617573,3957746
2018-07-16,52.490002,53.119999,52.259998,52.529999,42.739613,3606835
2018-07-17,52.450001,52.590000,51.990002,52.139999,42.422302,3437814
2018-07-18,52.270000,52.330002,51.669998,52.070000,42.365349,3461549
2018-07-19,51.930000,52.320000,51.619999,51.820000,42.161942,2837943
2018-07-20,51.709999,51.910000,51.220001,51.700001,42.064308,4473749
2018-07-23,51.840000,52.349998,51.650002,52.119999,42.406029,3345089
2018-07-24,52.639999,53.970001,52.400002,53.529999,43.553238,6301067
2018-07-25,53.689999,53.860001,52.880001,53.169998,43.260330,3486600
2018-07-26,53.730000,54.000000,53.369999,53.840000,43.805462,3967848
2018-07-27,54.020000,54.959999,53.970001,54.799999,44.586540,4493908
2018-07-30,54.660000,55.160000,54.470001,55.099998,44.830627,3384513
2018-07-31,54.950001,56.090000,54.950001,55.669998,45.294392,4914992
2018-08-01,56.930000,56.939999,55.220001,55.410000,45.082848,3601972
2018-08-02,55.279999,55.389999,54.009998,54.619999,44.440086,4630867
2018-08-03,54.700001,54.740002,54.060001,54.419998,44.277363,3551675
2018-08-06,54.529999,54.540001,53.680000,54.029999,43.960049,2733213
2018-08-07,54.220001,54.790001,54.160000,54.540001,44.374996,2626191
2018-08-08,54.500000,54.700001,54.169998,54.400002,44.261089,2312380
2018-08-09,54.299999,54.299999,53.730000,54.180000,44.082096,2173470
2018-08-10,53.099998,53.099998,51.669998,52.560001,42.764027,8728613
2018-08-13,52.000000,52.549999,51.900002,52.009998,42.316528,5364145
2018-08-14,52.349998,52.560001,51.529999,51.860001,42.194485,4182375
2018-08-15,52.119999,52.439999,51.020000,51.400002,41.820221,5365232
2018-08-16,51.720001,51.980000,51.240002,51.400002,41.820221,3297606
2018-08-17,51.459999,51.549999,50.389999,50.990002,41.486633,4739511
2018-08-20,51.160000,51.610001,50.970001,51.180000,41.641224,2261066
2018-08-21,51.180000,52.070000,51.090000,51.779999,42.129395,2958076
2018-08-22,51.759998,52.169998,51.740002,52.070000,42.365349,3004340
2018-08-23,52.110001,52.189999,51.750000,52.000000,42.308395,2781509
2018-08-24,51.990002,52.930000,51.939999,51.970001,42.283989,3103603
2018-08-27,52.270000,52.709999,51.950001,52.459999,42.682663,1897983
2018-08-28,52.540001,52.540001,51.939999,51.990002,42.300259,3063155
2018-08-29,52.000000,52.110001,51.529999,52.000000,42.308395,2534451
2018-08-30,51.869999,52.020000,51.299999,51.299999,41.738857,3326292
2018-08-31,51.310001,51.380001,50.500000,50.610001,41.177456,1746732
2018-09-03,50.549999,50.700001,50.369999,50.660000,41.218140,2031609
2018-09-04,51.669998,51.680000,50.169998,50.880001,41.397137,4458807
2018-09-05,50.669998,51.770000,50.540001,51.110001,41.584267,5947012
2018-09-06,50.849998,51.779999,50.700001,50.990002,41.486633,3691180
2018-09-07,51.299999,51.310001,50.060001,50.450001,41.047279,4874705
2018-09-10,50.310001,51.189999,50.169998,50.610001,41.177456,3924237
2018-09-11,50.880001,51.049999,50.240002,50.630001,41.193733,3365232
2018-09-12,50.680000,50.759998,50.330002,50.599998,41.169323,3203164
2018-09-13,50.750000,51.580002,50.680000,51.290001,41.730721,4575342
2018-09-14,51.779999,51.980000,51.320000,51.540001,41.934128,3868686
2018-09-17,51.500000,52.060001,51.430000,51.830002,42.170078,3381613
2018-09-18,51.840000,52.200001,51.599998,51.889999,42.218899,3376905
2018-09-19,52.020000,53.090000,51.950001,52.959999,43.089474,5603455
2018-09-20,53.090000,54.400002,53.080002,54.310001,44.187866,8393632
2018-09-21,54.630001,55.340000,54.279999,54.529999,44.366859,10704007
2018-09-24,54.400002,54.720001,54.009998,54.580002,44.407543,3552931
2018-09-25,54.740002,55.080002,54.669998,54.680000,44.488907,3849947
2018-09-26,54.770000,54.990002,54.520000,54.630001,44.448223,3275528
2018-09-27,54.240002,54.619999,53.619999,54.470001,44.318043,3796601
2018-09-28,53.630001,53.820000,51.619999,52.709999,42.886066,7243403
2018-10-01,52.509998,52.660000,51.660000,51.990002,42.300259,4618928
2018-10-02,51.509998,52.340000,50.959999,51.980000,42.292118,4392851
2018-10-03,52.410000,52.660000,51.990002,52.139999,42.422302,4446131
2018-10-04,52.049999,52.750000,52.009998,52.299999,42.552483,4827402
2018-10-05,52.330002,52.400002,51.799999,51.849998,42.186352,3177010
2018-10-08,51.509998,51.650002,50.810001,51.150002,41.616814,3256327
2018-10-09,51.369999,51.680000,50.560001,51.230000,41.681904,3601474
2018-10-10,51.130001,52.310001,51.070000,51.470001,41.877178,4477667
2018-10-11,50.930000,51.180000,50.150002,50.189999,40.835732,6919141
2018-10-12,50.900002,50.990002,49.755001,49.915001,40.611988,3960271
2018-10-15,49.805000,50.029999,49.325001,49.500000,40.274334,3597261
2018-10-16,49.639999,49.834999,49.180000,49.720001,40.453335,4059102
2018-10-17,49.860001,50.139999,49.355000,49.599998,40.355698,3722126
2018-10-18,49.375000,50.080002,49.075001,49.224998,40.050587,4626619
2018-10-19,49.040001,49.215000,47.900002,48.724998,39.643776,5717691
2018-10-22,49.215000,49.685001,48.075001,48.305000,39.302055,4119480
2018-10-23,47.660000,48.174999,47.345001,47.560001,38.695908,5277244
2018-10-24,47.560001,47.564999,46.294998,46.459999,37.800922,5811160
2018-10-25,46.365002,47.549999,46.279999,47.154999,38.366390,5330443
2018-10-26,46.814999,47.145000,46.270000,46.880001,38.142647,5378223
2018-10-29,47.099998,47.799999,47.000000,47.474998,38.626751,3302491
2018-10-30,46.700001,46.705002,45.299999,46.145000,37.544632,7633887
2018-10-31,46.099998,46.900002,45.939999,46.130001,37.532429,7321176
2018-11-01,45.599998,46.695000,45.599998,46.255001,37.634132,5037962
2018-11-02,46.910000,47.395000,46.525002,46.605000,37.918900,4950331
2018-11-05,46.615002,46.880001,46.334999,46.470001,37.809059,2665589
2018-11-06,46.480000,46.654999,46.075001,46.430000,37.776516,2952380
2018-11-07,46.564999,47.009998,46.564999,46.744999,38.032806,3875048
2018-11-08,46.799999,47.180000,46.360001,46.799999,38.077557,4011145
2018-11-09,46.330002,46.639999,45.685001,46.365002,37.723633,3442445
2018-11-12,46.599998,46.599998,45.520000,45.595001,37.097137,3833196
2018-11-13,45.794998,46.355000,45.575001,46.224998,37.609722,3850120
2018-11-14,46.035000,46.555000,45.459999,46.044998,37.463264,3969640
2018-11-15,46.275002,46.410000,45.130001,45.494999,37.015774,4729385
2018-11-16,45.705002,46.084999,44.875000,45.195000,36.771690,5208591
2018-11-19,45.355000,45.779999,45.235001,45.285000,36.844917,3244791
2018-11-20,45.160000,45.244999,44.285000,44.305000,36.047565,4197264
2018-11-21,44.654999,45.025002,44.389999,44.790001,36.442173,3603115
2018-11-22,44.560001,44.605000,43.724998,44.285000,36.031296,3524320
2018-11-23,44.505001,44.849998,44.110001,44.360001,36.092316,2517027
2018-11-26,44.860001,45.744999,44.855000,45.340000,36.889668,5098594
2018-11-27,45.349998,45.560001,44.724998,45.084999,36.682190,3667016
2018-11-28,45.200001,45.355000,44.590000,44.755001,36.413696,3626844
2018-11-29,45.154999,45.294998,44.605000,44.775002,36.429970,3518226
2018-11-30,44.915001,44.915001,44.020000,44.375000,36.104519,3435139
2018-12-03,45.264999,45.340000,44.619999,44.845001,36.486923,3980529
2018-12-04,44.470001,44.759998,43.860001,43.860001,35.685501,3685207
2018-12-05,43.520000,43.855000,42.715000,43.419998,35.327511,3785875
2018-12-06,42.910000,43.000000,41.599998,41.785000,33.997234,5681412
2018-12-07,42.020000,42.900002,41.595001,41.595001,33.842648,4154885
2018-12-10,41.415001,41.764999,40.384998,40.400002,32.870369,5652008
2018-12-11,40.615002,41.264999,40.294998,40.680000,33.098179,4980366
2018-12-12,40.860001,42.160000,40.740002,41.904999,34.094872,7031008
2018-12-13,42.500000,42.910000,42.040001,42.189999,34.326752,6246238
2018-12-14,42.020000,42.044998,40.945000,41.595001,33.842648,4274207
2018-12-17,41.470001,41.509998,40.485001,40.580002,33.016823,4369900
2018-12-18,40.500000,41.215000,40.334999,40.555000,32.996479,5427091
2018-12-19,40.970001,41.180000,40.764999,40.880001,33.260906,4508538
2018-12-20,40.014999,40.299999,39.400002,39.400002,32.056747,7228081
2018-12-21,39.430000,39.580002,38.715000,39.500000,32.138107,10927531
2018-12-24,39.174999,39.215000,38.709999,38.790001,31.560438,1161447
2018-12-27,39.660000,39.799999,38.180000,38.544998,31.361094,4383597
2018-12-28,38.759998,39.575001,38.665001,39.375000,32.036404,3343656
2018-12-31,39.509998,39.849998,39.200001,39.474998,32.117767,1055466
2019-01-02,38.730000,39.105000,38.134998,39.084999,31.800451,4275030
2019-01-03,38.779999,39.564999,38.599998,38.855000,31.613319,4011198
2019-01-04,39.400002,40.830002,39.174999,40.740002,33.147003,5325079
2019-01-07,41.119999,41.119999,40.264999,40.680000,33.098179,4195675
2019-01-08,40.705002,41.349998,40.470001,40.884998,33.264973,4372775
2019-01-09,41.165001,41.365002,40.605000,40.775002,33.175480,3619123
2019-01-10,40.400002,41.349998,40.355000,41.215000,33.533470,3393318
2019-01-11,41.130001,41.505001,40.855000,41.369999,33.659580,4219405
2019-01-14,41.160000,41.915001,41.099998,41.619999,33.862988,4549021
2019-01-15,42.130001,42.384998,41.244999,41.695000,33.924011,4260039
2019-01-16,42.000000,43.080002,41.900002,43.080002,35.050880,5752135
2019-01-17,41.759998,42.369999,41.410000,41.419998,33.700260,6948081
2019-01-18,41.889999,42.509998,41.794998,42.470001,34.554565,6133060
2019-01-21,42.439999,42.500000,42.090000,42.299999,34.416252,2545457
2019-01-22,41.875000,41.875000,41.000000,41.514999,33.777557,5480516
2019-01-23,41.250000,42.084999,41.250000,41.575001,33.826374,3582775
2019-01-24,41.610001,42.230000,41.165001,41.380001,33.667721,4585018
2019-01-25,42.240002,43.200001,41.875000,42.990002,34.977650,6014996
2019-01-28,42.990002,42.990002,42.235001,42.455002,34.542362,3724488
2019-01-29,42.310001,42.630001,42.044998,42.380001,34.481346,3030043
2019-01-30,42.355000,42.529999,42.000000,42.320000,34.432522,3403567
2019-01-31,42.305000,42.740002,40.820000,40.965000,33.330067,6691369
2019-02-01,41.005001,41.165001,40.154999,40.884998,33.264973,5016903
2019-02-04,40.884998,41.084999,39.724998,40.110001,32.634418,4894321
2019-02-05,40.040001,41.205002,39.924999,41.134998,33.468380,5241665
2019-02-06,39.724998,41.990002,39.680000,41.865002,34.062328,6311587
2019-02-07,41.805000,43.439999,40.700001,40.790001,33.187683,7174371
2019-02-08,40.540001,40.855000,39.605000,39.849998,32.422871,5490179
2019-02-11,40.250000,40.724998,39.955002,40.505001,32.955799,3427547
2019-02-12,41.025002,41.384998,40.555000,40.994999,33.354469,3865468
2019-02-13,41.235001,41.865002,40.990002,41.389999,33.675854,6511949
2019-02-14,41.700001,41.720001,40.349998,40.415001,32.882572,4959220
2019-02-15,40.340000,42.340000,40.174999,42.110001,34.261662,6601640
2019-02-18,42.139999,42.630001,42.029999,42.424999,34.517956,3189041
2019-02-19,42.200001,42.500000,41.595001,42.240002,34.367435,4127008
2019-02-20,42.419998,42.680000,41.820000,42.564999,34.631859,3440229
2019-02-21,42.490002,42.540001,41.375000,41.595001,33.842648,5788642
2019-02-22,41.439999,42.299999,41.424999,41.924999,34.111145,3362525
2019-02-25,42.384998,43.064999,42.285000,42.860001,34.871880,4052117
2019-02-26,42.779999,43.310001,42.279999,43.154999,35.111900,3947542
2019-02-27,43.090000,44.540001,43.009998,44.200001,35.962135,6044690
2019-02-28,44.130001,45.465000,43.685001,45.055000,36.657784,6138130
2019-03-01,45.400002,45.535000,44.895000,44.895000,36.527603,4772152
2019-03-04,45.299999,45.485001,44.785000,44.939999,36.564213,3166569
2019-03-05,44.955002,45.310001,44.165001,44.514999,36.218426,4567642
2019-03-06,44.424999,45.044998,43.884998,44.689999,36.360809,4197575
2019-03-07,44.505001,44.860001,42.750000,43.180000,35.132240,6908751
2019-03-08,42.810001,43.000000,41.970001,42.345001,34.452866,6079628
2019-03-11,42.509998,43.349998,42.509998,43.330002,35.254284,4426716
2019-03-12,43.740002,43.900002,42.880001,43.044998,35.022400,4613595
2019-03-13,43.099998,43.764999,42.889999,43.555000,35.437347,3391159
2019-03-14,43.549999,44.264999,43.500000,43.840000,35.669235,4424543
2019-03-15,44.000000,44.294998,43.715000,44.285000,36.031296,13182683
2019-03-18,44.584999,45.480000,44.000000,45.099998,36.694393,4447520
2019-03-19,45.150002,45.525002,44.639999,45.110001,36.702534,4209756
2019-03-20,45.200001,45.235001,44.189999,44.189999,35.953999,4743619
2019-03-21,43.865002,43.985001,42.900002,43.040001,35.018333,5930463
2019-03-22,43.455002,43.455002,41.365002,41.625000,33.867054,7642535
2019-03-25,41.474998,41.965000,41.060001,41.525002,33.785694,3648529
2019-03-26,41.660000,41.790001,41.084999,41.424999,33.704330,3734534
2019-03-27,41.654999,43.060001,41.275002,42.325001,34.436592,6223200
2019-03-28,42.130001,42.349998,41.665001,41.985001,34.159962,4395584
2019-03-29,42.584999,42.840000,42.235001,42.610001,34.668476,4389447
2019-04-01,43.139999,43.834999,42.775002,43.480000,35.376324,4797946
2019-04-02,43.654999,44.314999,43.439999,43.904999,35.722115,3550029
2019-04-03,44.345001,44.849998,44.240002,44.514999,36.218426,3968292
2019-04-04,44.500000,45.040001,44.035000,44.875000,36.511330,3574062
2019-04-05,44.955002,45.130001,44.384998,44.505001,36.210289,4120347
2019-04-08,44.639999,44.845001,44.375000,44.450001,36.165543,3121894
2019-04-09,44.320000,45.250000,44.294998,44.580002,36.271313,4612086
2019-04-10,44.799999,44.889999,43.974998,44.200001,35.962135,3923649
2019-04-11,44.439999,45.139999,43.930000,44.805000,36.454376,4518538
2019-04-12,44.860001,47.110001,44.365002,46.314999,37.682945,7568906
2019-04-15,47.290001,47.639999,46.740002,46.849998,38.118237,5243601
2019-04-16,46.875000,47.880001,46.799999,47.660000,38.777267,6014531
2019-04-17,47.980000,48.865002,47.805000,48.439999,39.411896,6891163
2019-04-18,48.540001,49.084999,47.855000,48.985001,39.855324,6633598
2019-04-23,48.884998,48.959999,47.830002,48.110001,39.143402,5489928
2019-04-24,47.910000,48.119999,46.625000,47.150002,38.362324,6260614
2019-04-25,47.285000,47.480000,46.165001,46.764999,38.049076,4859454
2019-04-26,46.610001,47.205002,46.314999,46.900002,38.158920,4207055
2019-04-29,47.369999,47.900002,47.110001,47.665001,38.781338,4311659
2019-04-30,47.584999,47.750000,47.160000,47.450001,38.606411,4476162
2019-05-02,48.160000,49.314999,47.740002,48.000000,39.053902,5626874
2019-05-03,48.299999,48.834999,47.974998,48.255001,39.261375,3504809
2019-05-06,47.110001,48.025002,47.049999,47.884998,38.960335,4070456
2019-05-07,48.195000,48.200001,46.520000,46.875000,38.138577,5132652
2019-05-08,46.595001,47.060001,46.205002,46.820000,38.093826,3321406
2019-05-09,46.270000,46.410000,45.375000,45.419998,36.954754,4955409
2019-05-10,45.845001,46.134998,45.005001,45.490002,37.011711,3976555
2019-05-13,45.345001,45.380001,44.584999,44.779999,36.434036,3760748
2019-05-14,45.139999,45.480000,44.849998,45.480000,37.003571,3353309
2019-05-15,45.365002,45.424999,44.535000,45.255001,36.820511,3981261
2019-05-16,45.099998,45.950001,44.770000,45.950001,37.385979,3946104
2019-05-17,45.320000,45.779999,44.895000,45.375000,36.918140,5488732
2019-05-20,45.250000,45.549999,44.430000,44.625000,36.307922,4178524
2019-05-21,45.009998,45.384998,44.654999,44.994999,36.608963,4132945
2019-05-22,45.005001,45.110001,44.264999,44.509998,36.214359,4312371
2019-05-23,44.200001,44.334999,43.535000,43.650002,35.514645,5412749
2019-05-24,43.869999,44.235001,43.634998,43.904999,35.722115,4328427
2019-05-27,44.435001,44.599998,43.970001,44.200001,35.962135,2497380
2019-05-28,44.384998,44.424999,43.500000,44.285000,36.031296,5841362
2019-05-29,40.990002,41.325001,40.445000,41.325001,36.083683,7450354
2019-05-30,41.930000,41.980000,41.314999,41.349998,36.105511,3018877
2019-05-31,40.895000,41.000000,40.450001,40.875000,35.690758,5158866
2019-06-03,40.599998,41.025002,40.415001,40.814999,35.638367,4228688
2019-06-04,40.654999,42.125000,40.650002,41.994999,36.668701,5615538
2019-06-05,42.000000,42.080002,41.355000,41.730000,36.437317,4488129
2019-06-06,41.619999,42.230000,40.435001,41.005001,35.804272,6411744
2019-06-07,40.980000,41.250000,40.514999,40.814999,35.638367,4324562
2019-06-10,41.060001,41.770000,40.959999,41.480000,36.219025,2632832
2019-06-11,41.235001,41.985001,41.200001,41.555000,36.284512,3331645
2019-06-12,41.215000,41.380001,40.794998,41.139999,35.922146,3874173
2019-06-13,41.105000,41.474998,40.790001,41.099998,35.887218,3047184
2019-06-14,41.055000,41.075001,40.570000,40.860001,35.677662,3301270
2019-06-17,41.029999,41.259998,40.755001,40.755001,35.585976,2464571
2019-06-18,40.605000,41.740002,40.105000,41.494999,36.232121,6116652
2019-06-19,41.500000,42.340000,41.435001,42.224998,36.869530,4941433
2019-06-20,42.185001,42.580002,41.330002,41.419998,36.166630,5026599
2019-06-21,41.575001,42.095001,40.889999,41.049999,35.843563,11582145
2019-06-24,41.000000,41.279999,40.580002,40.759998,35.590340,3396974
2019-06-25,40.299999,40.570000,39.919998,40.459999,35.328388,3073195
2019-06-26,40.575001,41.419998,40.375000,41.165001,35.943977,4226710
2019-06-27,41.509998,42.025002,41.430000,41.445000,36.188461,3837909
2019-06-28,41.525002,41.884998,41.389999,41.764999,36.467873,3743258
2019-07-01,42.395000,42.730000,41.959999,42.084999,36.747292,3577651
2019-07-02,42.325001,42.340000,41.500000,41.865002,36.555195,2896316
2019-07-03,41.799999,42.705002,41.535000,42.570000,37.170776,3392086
2019-07-04,42.395000,43.294998,42.360001,43.044998,37.585529,4421553
2019-07-05,43.340000,43.860001,42.880001,43.404999,37.899872,4689974
2019-07-08,43.485001,43.959999,42.435001,42.970001,37.520046,3939380
2019-07-09,42.805000,42.855000,42.049999,42.575001,37.175144,3372644
2019-07-10,42.849998,43.384998,42.619999,42.695000,37.279922,3198971
2019-07-11,42.814999,42.814999,42.160000,42.570000,37.170776,3253301
2019-07-12,42.740002,43.209999,42.505001,42.529999,37.135849,3180625
2019-07-15,42.654999,43.035000,42.380001,42.840000,37.406536,3044777
2019-07-16,42.695000,43.490002,42.665001,43.205002,37.725239,3437757
2019-07-17,43.025002,43.105000,42.355000,42.520000,37.127117,3822487
2019-07-18,42.345001,42.730000,41.919998,42.369999,36.996143,3300089
2019-07-19,42.529999,42.779999,41.785000,41.994999,36.668701,4264946
2019-07-22,41.849998,42.290001,41.735001,41.994999,36.668701,2467456
2019-07-23,42.290001,43.230000,42.200001,42.924999,37.480751,4655604
2019-07-24,43.035000,43.160000,42.500000,42.930000,37.485119,3236532
2019-07-25,43.169998,44.599998,42.485001,42.990002,37.537506,6937725
2019-07-26,43.000000,43.275002,42.650002,42.935001,37.489487,3031918
2019-07-29,42.820000,42.994999,42.494999,42.654999,37.244995,2325130
2019-07-30,42.400002,42.424999,41.209999,41.520000,36.253952,5814489
2019-07-31,42.895000,43.189999,42.180000,42.180000,36.830242,6971094
2019-08-01,42.205002,43.334999,42.200001,42.845001,37.410900,5001753
2019-08-02,41.619999,41.759998,40.775002,41.150002,35.930878,7322716
2019-08-05,40.500000,40.930000,40.205002,40.415001,35.289101,5035113
2019-08-06,40.500000,40.930000,40.150002,40.270000,35.162487,3965535
2019-08-07,40.380001,40.529999,39.509998,39.955002,34.887444,5194184
2019-08-08,40.605000,41.064999,39.970001,40.744999,35.577244,4488858
2019-08-09,40.250000,40.630001,39.910000,40.205002,35.105736,4683483
2019-08-12,40.474998,40.685001,39.549999,39.665001,34.634224,3702719
2019-08-13,39.509998,40.810001,39.330002,40.369999,35.249805,5868317
2019-08-14,40.020000,40.099998,39.064999,39.320000,34.332981,6213252
2019-08-15,39.689999,40.070000,38.880001,39.599998,34.577465,6567800
2019-08-16,39.630001,40.700001,39.020000,40.610001,35.459366,11162513
2019-08-19,40.970001,41.380001,40.755001,40.794998,35.620903,4790490
2019-08-20,40.575001,40.825001,40.200001,40.529999,35.389511,3143537
2019-08-21,40.529999,41.180000,40.529999,40.605000,35.455002,3217232
2019-08-22,40.584999,41.334999,40.455002,40.939999,35.747513,4737444
2019-08-23,41.200001,41.310001,40.064999,40.064999,34.983490,4349421
2019-08-26,40.169998,40.825001,40.110001,40.549999,35.406979,3182399
2019-08-27,40.474998,40.794998,40.125000,40.325001,35.210514,3523908
2019-08-28,40.250000,40.435001,39.974998,40.200001,35.101372,2631387
2019-08-29,40.049999,41.180000,39.970001,40.825001,35.647099,3868947
2019-08-30,41.014999,41.439999,40.790001,41.035000,35.830463,3462891
2019-09-02,40.915001,41.480000,40.849998,41.044998,35.839195,1754434
2019-09-03,41.000000,41.230000,40.505001,40.845001,35.664562,2764850
2019-09-04,41.345001,41.540001,41.070000,41.255001,36.022560,3034914
2019-09-05,41.430000,42.700001,41.270000,42.459999,37.074730,5527222
2019-09-06,42.599998,42.810001,42.215000,42.450001,37.065998,3808500
2019-09-09,42.564999,43.744999,42.564999,43.709999,38.166187,4594619
2019-09-10,43.400002,44.770000,43.294998,44.549999,38.899651,6611286
2019-09-11,44.910000,45.345001,44.125000,44.299999,38.681358,5662797
2019-09-12,44.220001,45.250000,42.980000,44.235001,38.624603,6068374
2019-09-13,44.724998,45.595001,44.560001,45.355000,39.602551,5860313
2019-09-16,44.985001,45.165001,44.415001,44.590000,38.934578,4044256
2019-09-17,44.250000,44.505001,43.625000,43.875000,38.310265,3859422
2019-09-18,43.865002,44.150002,43.599998,43.805000,38.249142,2945941
2019-09-19,44.240002,44.755001,43.935001,44.750000,39.074284,4468022
2019-09-20,44.619999,45.325001,44.525002,45.294998,39.550159,9208874
2019-09-23,45.035000,45.160000,43.660000,44.009998,38.428139,4312905
2019-09-24,44.180000,44.529999,43.514999,43.735001,38.188019,2733297
2019-09-25,43.415001,43.639999,42.459999,43.509998,37.991554,4003795
2019-09-26,43.224998,43.875000,43.110001,43.845001,38.284069,3078495
2019-09-27,43.904999,44.439999,43.705002,44.189999,38.585308,3159342
2019-09-30,44.200001,44.889999,44.169998,44.669998,39.004429,4395120
2019-10-01,44.900002,45.070000,43.965000,44.040001,38.454334,3785352
2019-10-02,43.865002,44.020000,42.500000,42.500000,37.109657,4696838
2019-10-03,42.555000,42.755001,41.625000,42.115002,36.773487,4142726
2019-10-04,42.080002,42.285000,41.599998,42.285000,36.921925,3336824
2019-10-07,42.090000,42.750000,41.759998,42.615002,37.210072,2967087
2019-10-08,42.669998,42.799999,41.584999,42.325001,36.956852,3386045
2019-10-09,42.279999,42.820000,42.125000,42.490002,37.100925,3136562
2019-10-10,42.500000,43.880001,42.500000,43.689999,38.148724,4577627
2019-10-11,44.049999,45.750000,43.955002,45.750000,39.947453,6085966
2019-10-14,45.235001,45.615002,44.904999,45.389999,39.633110,3088598
2019-10-15,45.799999,47.040001,45.270000,47.040001,41.073841,6398827
2019-10-16,47.000000,47.799999,46.544998,47.250000,41.257206,5422214
2019-10-17,46.919998,48.064999,46.724998,46.980000,41.021450,5597116
2019-10-18,46.799999,47.384998,46.654999,46.990002,41.030182,3820387
2019-10-21,47.205002,48.290001,47.044998,47.810001,41.746181,4443601
2019-10-22,47.950001,48.134998,47.400002,47.820000,41.754913,3140470
2019-10-23,47.389999,48.084999,47.200001,47.955002,41.872791,3137790
2019-10-24,48.115002,48.439999,47.599998,47.825001,41.759277,3648215
2019-10-25,47.875000,47.959999,46.965000,47.689999,41.641396,2926910
2019-10-28,47.799999,48.099998,47.605000,48.029999,41.938274,3076269
2019-10-29,47.935001,48.130001,47.560001,48.000000,41.912079,3115183
2019-10-30,47.814999,48.000000,46.439999,46.930000,40.977791,4571784
2019-10-31,47.349998,47.349998,46.145000,46.810001,40.873013,4663137
2019-11-01,47.000000,47.450001,46.595001,47.169998,41.187351,2703128
2019-11-04,47.715000,48.740002,47.695000,48.450001,42.305008,4439139
2019-11-05,48.849998,49.200001,48.625000,49.099998,42.872566,4266511
2019-11-06,49.744999,50.720001,49.630001,49.869999,43.544907,6269566
2019-11-07,50.200001,51.340000,49.965000,51.340000,44.828461,5337906
2019-11-08,51.049999,51.330002,50.509998,50.709999,44.278366,4274211
2019-11-11,50.439999,50.720001,50.150002,50.520000,44.112465,3619626
2019-11-12,50.709999,50.950001,50.389999,50.869999,44.418072,3043497
2019-11-13,50.169998,50.459999,49.849998,50.150002,43.789394,4460860
2019-11-14,50.139999,50.439999,49.790001,50.340000,43.955296,3555313
2019-11-15,50.720001,50.849998,50.090000,50.630001,44.208515,3512580
2019-11-18,50.700001,51.070000,49.930000,50.590000,44.173588,3075990
2019-11-19,50.669998,51.340000,50.599998,50.750000,44.313293,4169351
2019-11-20,50.299999,51.099998,49.950001,51.099998,44.618900,4252294
2019-11-21,50.770000,51.669998,50.570000,51.500000,44.968170,4602055
2019-11-22,51.650002,52.240002,51.400002,51.549999,45.011829,3545780
2019-11-25,51.799999,52.060001,51.380001,51.470001,44.941978,2484885
2019-11-26,51.470001,51.590000,50.930000,51.029999,44.557777,3650049
2019-11-27,51.230000,51.480000,50.959999,51.360001,44.845928,3352844
2019-11-28,51.270000,51.279999,50.970001,51.040001,44.566517,2080929
2019-11-29,50.900002,51.259998,50.790001,50.970001,44.505394,2845466
2019-12-02,51.180000,51.720001,50.220001,50.349998,43.964027,4110104
2019-12-03,50.549999,50.840000,49.235001,49.500000,43.221832,5119837
2019-12-04,49.450001,50.520000,49.400002,50.290001,43.911636,3298077
2019-12-05,50.320000,51.000000,50.230000,50.259998,43.885441,2271755
2019-12-06,50.450001,51.080002,50.189999,50.939999,44.479195,2711269
2019-12-09,50.900002,51.169998,50.740002,50.770000,44.330761,1993418
2019-12-10,50.610001,50.610001,49.764999,50.270000,43.894176,3136032
2019-12-11,50.090000,50.669998,50.060001,50.400002,44.007687,2340610
2019-12-12,50.450001,51.939999,50.330002,51.650002,45.099148,4256173
2019-12-13,53.189999,53.450001,52.049999,52.049999,45.448414,5879618
2019-12-16,52.419998,53.259998,52.369999,53.200001,46.452557,3792646
2019-12-17,53.000000,53.169998,52.549999,53.080002,46.347778,3446801
2019-12-18,52.900002,53.369999,52.830002,53.270000,46.513680,3057803
2019-12-19,53.400002,53.650002,53.119999,53.509998,46.723236,2821488
2019-12-20,53.400002,53.810001,53.360001,53.560001,46.766899,8333270
2019-12-23,53.270000,53.270000,52.880001,53.110001,46.373974,1851055
2019-12-24,52.849998,53.169998,52.849998,52.980000,46.260460,388283
2019-12-25,52.980000,52.980000,52.980000,52.980000,46.260460,0
2019-12-27,52.990002,53.360001,52.889999,52.970001,46.251728,2271522
2019-12-30,52.849998,53.189999,52.730000,52.730000,46.042168,1669313
2019-12-31,52.500000,52.830002,52.500000,52.830002,46.129486,575796
2020-01-02,53.200001,54.000000,53.180000,53.580002,46.784363,2783637
2020-01-03,53.070000,53.169998,52.590000,52.939999,46.225533,2535225
2020-01-06,52.040001,52.700001,51.639999,52.680000,45.998508,2494787
2020-01-07,52.930000,53.139999,52.459999,52.660000,45.981045,2022813
2020-01-08,52.270000,53.020000,52.009998,52.779999,46.085823,2893097
2020-01-09,53.290001,53.389999,52.220001,52.400002,45.754025,3207565
2020-01-10,52.470001,52.610001,52.009998,52.160000,45.544460,2495036
2020-01-13,52.119999,52.310001,51.599998,51.930000,45.343636,2858479
2020-01-14,52.090000,52.299999,51.259998,52.169998,45.553192,3294787
2020-01-15,52.110001,52.279999,50.810001,50.959999,44.496662,3230881
2020-01-16,51.000000,51.340000,50.220001,50.590000,44.173588,3309337
2020-01-17,50.919998,51.060001,50.430000,50.750000,44.313293,2954093
2020-01-20,50.689999,50.779999,50.380001,50.490002,44.086269,1776051
2020-01-21,50.189999,50.630001,49.869999,50.209999,43.841782,2847578
2020-01-22,50.250000,50.580002,49.900002,50.080002,43.728275,2939696
2020-01-23,50.230000,50.480000,49.564999,49.955002,43.619125,4186551
2020-01-24,50.669998,50.750000,49.849998,49.910000,43.579834,3186013
2020-01-27,49.509998,49.779999,48.695000,48.869999,42.671738,4716090
2020-01-28,49.110001,49.705002,48.544998,49.419998,43.151978,3074687
2020-01-29,49.685001,49.900002,49.285000,49.505001,43.226204,2413393
2020-01-30,48.799999,49.195000,48.455002,48.889999,42.689198,3404856
2020-01-31,49.299999,49.299999,47.970001,48.044998,41.951370,4461448
2020-02-03,48.110001,48.735001,47.910000,48.340000,42.208958,3293745
2020-02-04,48.715000,49.290001,48.580002,49.290001,43.038471,3725725
2020-02-05,49.349998,50.200001,48.814999,49.610001,43.317883,3809870
2020-02-06,50.160000,50.689999,50.080002,50.410000,44.016415,3883717
2020-02-07,50.450001,51.830002,50.259998,51.830002,45.256317,4629252
2020-02-10,51.590000,51.820000,51.410000,51.639999,45.090412,3595939
2020-02-11,52.180000,52.779999,51.900002,52.730000,46.042168,3683036
2020-02-12,52.779999,53.689999,52.740002,53.580002,46.784363,4311939
2020-02-13,53.320000,53.580002,52.790001,53.570000,46.775631,3528208
2020-02-14,53.570000,53.990002,53.439999,53.680000,46.871681,2896124
2020-02-17,53.790001,54.220001,53.689999,54.180000,47.308262,2154079
2020-02-18,53.820000,54.029999,53.619999,53.669998,46.862942,3238319
2020-02-19,53.930000,54.080002,53.560001,53.750000,46.932796,2736048
2020-02-20,53.610001,53.880001,53.090000,53.259998,46.504948,3453029
2020-02-21,53.000000,53.439999,52.720001,53.220001,46.470024,4704745
2020-02-24,51.650002,52.020000,50.959999,51.200001,44.706223,8375558
2020-02-25,51.490002,51.500000,48.700001,48.700001,42.523300,9064145
2020-02-26,48.200001,48.490002,47.105000,48.215000,42.099812,9987467
2020-02-27,47.255001,47.255001,44.924999,45.384998,39.628746,12715472
2020-02-28,43.650002,44.240002,42.549999,43.785000,38.231674,11414189
2020-03-02,44.650002,44.654999,41.860001,43.455002,37.943535,9760643
2020-03-03,44.895000,44.895000,42.375000,42.810001,37.380341,10183476
2020-03-04,42.900002,43.070000,42.000000,42.250000,36.891361,8378905
2020-03-05,42.580002,42.759998,40.060001,40.514999,35.376415,9912621
2020-03-06,39.505001,39.924999,37.884998,38.514999,33.630081,10830096
2020-03-09,34.250000,35.730000,33.785000,33.785000,29.499992,15285280
2020-03-10,34.525002,37.285000,33.735001,34.630001,30.237822,15219866
2020-03-11,35.299999,36.919998,34.865002,35.660000,31.137184,9873471
2020-03-12,33.115002,34.205002,30.475000,31.000000,27.068220,19034340
2020-03-13,32.360001,34.985001,31.075001,31.730000,27.705631,11707060
2020-03-16,29.559999,30.445000,26.475000,27.440001,23.959740,12726489
2020-03-17,28.785000,29.420000,26.070000,29.200001,25.496517,9688197
2020-03-18,28.270000,28.745001,26.309999,26.400000,23.051645,9362461
2020-03-19,27.559999,28.014999,25.100000,27.184999,23.737082,8956394
2020-03-20,28.000000,28.895000,27.184999,27.440001,23.959740,12822483
2020-03-23,25.900000,26.900000,25.150000,25.424999,22.200306,10576950
2020-03-24,27.500000,27.780001,26.135000,27.780001,24.256618,10496527
2020-03-25,28.900000,30.155001,28.000000,30.000000,26.195051,10369508
2020-03-26,29.205000,31.070000,28.805000,30.980000,27.050756,7408851
2020-03-27,30.180000,30.740000,28.930000,29.875000,26.085905,6383577
2020-03-30,29.389999,29.495001,27.030001,28.250000,24.667006,6719180
2020-03-31,28.500000,28.840000,26.955000,27.510000,24.020863,8373353
2020-04-01,26.700001,26.900000,25.820000,25.870001,22.588867,8110217
2020-04-02,26.049999,26.674999,25.200001,26.045000,22.741671,5921150
2020-04-03,25.594999,25.700001,24.504999,24.735001,21.597820,6957628
2020-04-06,25.799999,25.825001,25.014999,25.645000,22.392403,8638999
2020-04-07,26.410000,27.695000,25.940001,26.750000,23.357254,12757415
2020-04-08,26.100000,26.955000,25.639999,26.955000,23.536253,5222838
2020-04-09,27.590000,28.795000,27.535000,28.405001,24.802347,9750490
2020-04-14,28.885000,28.885000,27.580000,27.809999,24.282812,5415721
2020-04-15,27.600000,27.635000,25.820000,25.820000,22.545206,6459828
2020-04-16,26.000000,26.410000,24.815001,24.900000,21.741892,7852591
2020-04-17,25.600000,26.594999,25.250000,25.469999,22.239597,9194930
2020-04-20,25.799999,25.840000,24.870001,25.695000,22.436062,4940639
2020-04-21,24.900000,25.340000,24.670000,24.670000,21.541063,6244704
2020-04-22,25.014999,25.665001,24.785000,25.535000,22.296352,4322856
2020-04-23,26.055000,27.934999,25.965000,27.129999,23.689058,8228825
2020-04-24,26.405001,26.825001,26.100000,26.299999,22.964327,5119969
2020-04-27,27.799999,27.844999,27.219999,27.790001,24.265348,4930291
2020-04-28,28.000000,30.379999,27.855000,29.600000,25.845785,8449905
2020-04-29,29.465000,31.094999,29.275000,30.700001,26.806269,7277456
2020-04-30,30.690001,30.855000,28.200001,28.674999,25.038101,9216621
2020-05-04,27.004999,27.975000,26.760000,27.110001,23.671595,7545564
2020-05-05,28.500000,28.950001,27.295000,28.209999,24.632078,6416452
2020-05-06,28.200001,28.340000,27.480000,28.000000,24.448713,4673027
2020-05-07,28.200001,28.674999,27.915001,28.495001,24.880934,4240859
2020-05-08,28.840000,28.965000,28.309999,28.815001,25.160347,3107443
2020-05-11,29.400000,29.400000,27.850000,28.100000,24.536030,4070204
2020-05-12,28.049999,28.514999,27.754999,27.820000,24.291544,3992813
2020-05-13,27.320000,27.410000,26.500000,26.500000,23.138962,5924054
2020-05-14,26.280001,26.405001,24.934999,26.230000,22.903206,6821270
2020-05-15,26.615000,27.170000,25.905001,26.540001,23.173889,5429807
2020-05-18,27.400000,28.780001,27.205000,28.615000,24.985712,5404582
2020-05-19,29.334999,29.495001,27.750000,28.350000,24.754322,7790931
2020-05-20,28.025000,28.934999,27.160000,28.820000,25.164713,5230325
2020-05-21,28.355000,28.764999,27.990000,28.285000,24.697567,3916377
2020-05-22,27.809999,29.219999,27.495001,28.375000,24.776154,5170362
2020-05-25,28.940001,28.980000,28.370001,28.905001,28.334507,2976462
2020-05-26,29.250000,31.490000,29.215000,31.000000,30.388159,9030109
2020-05-27,31.629999,34.389999,31.559999,33.735001,33.069180,13521764
2020-05-28,34.000000,34.424999,32.764999,33.695000,33.029968,7563506
2020-05-29,33.099998,33.645000,32.180000,32.255001,31.618389,7522308
2020-06-01,33.389999,33.529999,32.674999,33.485001,32.824112,3908571
2020-06-02,33.895000,35.080002,33.424999,34.480000,33.799473,7772221
2020-06-03,35.270000,36.419998,34.919998,36.150002,35.436516,8550835
2020-06-04,35.674999,36.825001,34.935001,36.020000,35.309078,7762229
2020-06-05,37.200001,39.115002,37.020000,39.115002,38.342995,11020796
2020-06-08,38.735001,40.669998,38.445000,39.450001,38.671383,8809774
2020-06-09,38.665001,39.230000,36.799999,38.160000,37.406841,7719288
2020-06-10,38.660000,39.349998,37.205002,37.349998,36.612827,6480806
2020-06-11,35.860001,36.325001,34.599998,34.750000,34.064144,8593919
2020-06-12,34.165001,36.195000,33.845001,34.970001,34.279804,8776701
2020-06-15,33.224998,34.689999,32.994999,34.294998,33.618122,6479389
2020-06-16,35.900002,37.139999,35.349998,36.009998,35.299274,7327702
2020-06-17,35.825001,36.810001,35.509998,35.955002,35.245365,5658405
2020-06-18,35.654999,36.875000,35.115002,35.814999,35.108124,5732739
2020-06-19,36.380001,36.400002,35.044998,35.299999,34.603291,12752348
2020-06-22,34.814999,35.410000,34.325001,35.099998,34.407234,3900106
2020-06-23,35.529999,36.965000,35.215000,36.310001,35.593357,5014774
2020-06-24,36.049999,36.435001,34.509998,34.509998,33.828880,4663959
2020-06-25,34.200001,35.240002,33.750000,35.174999,34.480755,5312112
2020-06-26,35.720001,35.820000,34.470001,34.485001,33.804375,3979547
2020-06-29,34.369999,35.700001,34.105000,35.349998,34.652302,4506897
2020-06-30,35.450001,35.669998,34.630001,35.369999,34.671906,4882651
2020-07-01,35.470001,35.660000,34.404999,34.720001,34.034740,4959740
2020-07-02,35.294998,37.189999,35.044998,36.605000,35.882534,7004183
2020-07-03,36.605000,36.840000,35.849998,36.279999,35.563946,3411030
2020-07-06,37.509998,38.564999,37.180000,37.384998,36.647137,5201162
2020-07-07,37.009998,37.494999,36.564999,37.240002,36.505001,3632997
2020-07-08,36.770000,36.884998,36.185001,36.349998,35.632565,4555513
2020-07-09,36.689999,36.764999,35.505001,35.509998,34.809143,3908527
2020-07-10,35.244999,36.785000,35.119999,36.680000,35.956055,4223656
2020-07-13,37.490002,37.794998,36.514999,37.735001,36.990231,5212840
2020-07-14,37.415001,38.080002,36.895000,37.505001,36.764771,4572378
2020-07-15,38.049999,39.029999,37.209999,38.529999,37.769539,5719396
2020-07-16,38.244999,38.869999,38.049999,38.560001,37.798950,3779803
2020-07-17,38.455002,38.549999,37.410000,37.974998,37.225494,5571889
2020-07-20,37.764999,38.205002,37.275002,38.009998,37.259800,2912476
2020-07-21,38.619999,39.610001,38.334999,38.540001,37.779343,5245808
2020-07-22,38.470001,38.790001,37.735001,37.799999,37.053947,3444107
2020-07-23,38.084999,38.099998,37.314999,37.564999,36.823586,3238763
2020-07-24,37.099998,37.494999,36.950001,37.139999,36.406975,3543160
2020-07-27,36.904999,37.139999,36.145000,36.314999,35.598255,3659072
2020-07-28,36.270000,36.820000,35.939999,36.169998,35.456116,3808597
2020-07-29,36.380001,36.514999,35.505001,35.799999,35.093422,3554642
2020-07-30,35.669998,35.669998,33.790001,34.380001,33.701450,6533565
2020-07-31,36.060001,36.549999,34.105000,34.115002,33.441681,6780122
2020-08-03,34.185001,35.654999,33.990002,35.459999,34.760132,4340054
2020-08-04,35.955002,36.560001,35.634998,36.185001,35.470825,4155675
2020-08-05,36.395000,36.544998,35.849998,35.945000,35.235561,2871445
2020-08-06,35.825001,36.430000,35.424999,35.834999,35.127731,3138798
2020-08-07,35.695000,35.869999,35.035000,35.480000,34.779736,2604704
2020-08-10,35.974998,36.330002,35.485001,35.814999,35.108124,2896664
2020-08-11,36.105000,37.605000,36.025002,37.490002,36.750069,5038193
2020-08-12,37.375000,38.689999,36.880001,37.825001,37.078457,5222641
2020-08-13,37.355000,37.895000,36.959999,36.990002,36.259937,3096277
2020-08-14,36.860001,36.945000,35.669998,36.660000,35.936447,3610360
2020-08-17,36.634998,37.044998,36.230000,36.294998,35.578651,2314950
2020-08-18,35.950001,36.564999,35.685001,35.889999,35.181644,2886912
2020-08-19,35.674999,36.834999,35.619999,36.834999,36.107994,2585321
2020-08-20,36.070000,36.209999,35.625000,35.955002,35.245365,2804170
2020-08-21,36.235001,36.250000,34.919998,35.360001,34.662106,3872526
2020-08-24,35.724998,36.325001,35.615002,36.285000,35.568848,2801975
2020-08-25,36.630001,37.224998,36.355000,36.360001,35.642368,3337718
2020-08-26,36.205002,37.000000,36.099998,36.900002,36.171711,2236630
2020-08-27,36.834999,36.895000,36.154999,36.490002,35.769806,3129399
2020-08-28,36.900002,38.014999,36.514999,37.805000,37.058849,5621171
2020-08-31,37.924999,38.509998,36.525002,36.564999,35.843323,4202205
2020-09-01,37.000000,37.355000,35.520000,36.084999,35.372795,4783355
2020-09-02,36.299999,36.645000,35.775002,35.880001,35.171844,3876857
2020-09-03,36.490002,37.480000,35.834999,36.150002,35.436516,4491580
2020-09-04,36.200001,37.889999,36.000000,37.224998,36.490295,6706818
2020-09-07,37.674999,38.095001,37.314999,37.400002,36.661842,3050225
2020-09-08,37.465000,37.935001,36.299999,36.424999,35.706085,4068642
2020-09-09,36.380001,36.945000,36.049999,36.790001,36.063885,3647639
2020-09-10,36.849998,37.715000,36.404999,37.005001,36.274639,4257996
2020-09-11,36.930000,37.040001,36.009998,36.110001,35.397305,4532226
2020-09-14,36.544998,36.650002,35.965000,36.570000,35.848225,2784955
2020-09-15,36.535000,36.625000,35.744999,35.834999,35.127731,4303472
2020-09-16,35.834999,35.974998,34.610001,35.709999,35.005196,4581410
2020-09-17,35.110001,35.595001,34.895000,35.424999,34.725822,3376597
2020-09-18,35.305000,35.459999,34.439999,34.595001,33.912205,10536125
2020-09-21,34.195000,34.200001,32.200001,32.389999,31.750723,7493481
2020-09-22,32.810001,33.000000,32.110001,32.220001,31.584080,4131860
2020-09-23,32.595001,32.755001,31.400000,31.455000,30.834179,5279813
2020-09-24,30.805000,31.670000,30.510000,31.160000,30.545000,5292452
2020-09-25,31.379999,31.500000,30.070000,30.250000,29.652962,5076141
2020-09-28,31.030001,31.825001,30.860001,31.820000,31.191975,4492970
2020-09-29,31.299999,31.520000,30.875000,30.995001,30.383259,3169235
2020-09-30,30.540001,31.504999,30.389999,30.975000,30.363651,4422170
2020-10-01,31.525000,31.584999,30.545000,30.655001,30.049969,3887376
2020-10-02,30.200001,30.635000,29.965000,30.490000,29.888224,3802029
2020-10-05,31.115000,31.520000,30.855000,31.455000,30.834179,4120950
2020-10-06,31.485001,33.400002,31.280001,33.035000,32.382996,6290067
2020-10-07,32.845001,33.299999,32.685001,33.105000,32.451611,4933207
2020-10-08,33.340000,34.139999,33.240002,33.720001,33.054474,4040001
2020-10-09,33.700001,34.025002,33.299999,33.419998,32.760395,3182920
2020-10-12,33.435001,33.935001,33.195000,33.540001,32.878029,3125922
2020-10-13,33.490002,33.490002,32.014999,32.174999,31.539967,4281376
2020-10-14,32.180000,33.035000,31.945000,32.549999,31.907566,3327464
2020-10-15,32.025002,32.400002,31.129999,31.665001,31.040033,4311046
2020-10-16,32.020000,32.375000,31.165001,32.205002,31.569378,5188171
2020-10-19,32.355000,32.860001,31.905001,32.599998,31.956577,1940209
2020-10-20,32.400002,33.639999,32.400002,33.115002,32.461418,4564142
2020-10-21,33.424999,33.660000,32.445000,32.634998,31.990887,3046079
2020-10-22,32.360001,32.654999,31.790001,32.584999,31.941875,2952934
2020-10-23,32.595001,33.904999,32.540001,33.500000,32.838818,4452562
2020-10-26,32.700001,33.595001,32.465000,32.950001,32.299671,3781415
2020-10-27,33.099998,33.400002,31.375000,31.375000,30.755756,5499192
2020-10-28,30.385000,30.650000,29.290001,29.750000,29.162830,9539478
2020-10-29,29.690001,30.100000,28.790001,29.305000,28.726612,6138415
2020-10-30,29.000000,29.959999,28.920000,29.855000,29.265757,5246970
2020-11-02,30.200001,31.230000,29.879999,31.125000,30.510691,5053240
2020-11-03,33.000000,33.349998,32.255001,33.029999,32.378090,7105234
2020-11-04,32.000000,33.610001,31.635000,33.119999,32.466316,6095662
2020-11-05,33.400002,33.974998,32.619999,33.880001,33.211319,5692324
2020-11-06,33.700001,34.150002,32.994999,33.230000,32.574146,6069268
2020-11-09,33.830002,42.500000,33.549999,39.205002,38.431221,15161714
2020-11-10,39.514999,42.485001,39.369999,42.200001,41.367107,17980334
2020-11-11,42.009998,42.340000,40.639999,41.090000,40.279015,6997306
2020-11-12,40.070000,40.590000,38.830002,39.544998,38.764507,7471758
2020-11-13,39.035000,40.125000,38.834999,39.915001,39.127205,5457079
2020-11-16,40.775002,41.730000,40.174999,40.599998,39.798683,7415521
2020-11-17,40.720001,41.064999,40.119999,40.924999,40.117271,5016260
2020-11-18,40.500000,41.230000,40.404999,41.130001,40.318226,4020714
2020-11-19,40.450001,40.990002,40.125000,40.805000,39.999638,4098623
2020-11-20,40.805000,41.264999,40.650002,40.950001,40.141777,4965831
2020-11-23,41.695000,42.099998,41.314999,41.490002,40.671120,4514209
2020-11-24,42.195000,44.105000,42.080002,43.735001,42.871811,6661655
2020-11-25,44.724998,44.950001,42.639999,43.755001,42.891415,5384559
2020-11-26,43.965000,43.965000,42.794998,43.365002,42.509113,3008686
2020-11-27,43.084999,44.130001,42.970001,43.825001,42.960033,4362254
2020-11-30,43.340000,43.680000,42.834999,42.965000,42.117008,6062477
2020-12-01,43.195000,44.244999,42.945000,44.205002,43.332535,4790854
2020-12-02,43.924999,45.070000,43.314999,44.950001,44.062832,4994809
2020-12-03,44.790001,45.145000,44.000000,44.875000,43.989311,3647522
2020-12-04,44.770000,45.869999,44.680000,45.740002,44.837238,5762143
2020-12-07,45.345001,45.345001,44.320000,44.505001,43.626614,4021015
2020-12-08,44.299999,44.740002,44.035000,44.285000,43.410954,2887032
2020-12-09,44.535000,45.290001,44.509998,44.544998,43.665821,3126636
2020-12-10,44.665001,44.779999,43.064999,43.459999,42.602238,4836934
2020-12-11,43.360001,43.505001,42.555000,43.115002,42.264050,4087189
2020-12-14,43.755001,45.200001,43.720001,44.150002,43.278622,4022975
2020-12-15,44.075001,45.355000,43.900002,45.235001,44.342205,4143444
2020-12-16,45.040001,45.325001,43.945000,44.174999,43.303123,4048651
2020-12-17,44.355000,44.590000,43.700001,44.044998,43.175690,3015518
2020-12-18,43.820000,44.705002,43.555000,43.564999,42.705162,7713150
2020-12-21,41.639999,42.360001,40.830002,41.715000,40.891678,5402160
2020-12-22,41.900002,42.750000,41.900002,42.485001,41.646481,2705483
2020-12-23,42.450001,44.000000,42.400002,43.834999,42.969837,2729707
2020-12-24,44.259998,44.485001,43.549999,43.794998,42.930622,555198
2020-12-28,44.450001,44.549999,43.389999,43.630001,42.768883,1566503
2020-12-29,43.810001,44.049999,43.220001,43.645000,42.783588,1623551
2020-12-30,43.615002,43.965000,43.224998,43.305000,42.450298,1374724
2020-12-31,42.825001,43.740002,42.680000,43.105000,42.254242,827264
2021-01-04,43.860001,43.915001,42.639999,43.009998,42.161118,3025708
2021-01-05,42.720001,43.474998,42.314999,42.919998,42.072895,2852830
2021-01-06,43.970001,46.009998,43.779999,45.290001,44.396118,5959237
2021-01-07,45.974998,46.605000,45.240002,46.310001,45.395988,4336483
2021-01-08,46.474998,46.660000,45.169998,45.285000,44.391216,3864732
2021-01-11,44.970001,45.535000,44.615002,44.980000,44.092236,3649675
2021-01-12,45.355000,45.645000,44.930000,45.340000,44.445133,3346621
2021-01-13,45.224998,45.419998,44.860001,45.025002,44.136353,2471939
2021-01-14,45.200001,45.705002,44.709999,45.130001,44.239277,3170300
2021-01-15,44.814999,45.785000,43.980000,44.435001,43.557995,4728083
2021-01-18,44.009998,44.860001,43.889999,44.805000,43.920692,2083866
2021-01-19,45.169998,45.450001,44.060001,44.110001,43.239410,3070352
2021-01-20,44.165001,44.494999,43.955002,44.419998,43.543289,2655763
2021-01-21,44.709999,44.950001,44.119999,44.340000,43.464870,3337036
2021-01-22,43.855000,43.884998,42.665001,43.084999,42.234638,4235711
2021-01-25,43.099998,43.424999,40.959999,41.230000,40.416248,4763830
2021-01-26,41.435001,42.384998,41.325001,41.990002,41.161251,3642144
2021-01-27,41.634998,41.759998,39.884998,40.525002,39.725166,6118922
2021-01-28,40.000000,41.455002,39.709999,41.205002,40.391747,5236473
2021-01-29,40.404999,40.630001,39.759998,39.779999,38.994869,6251211
2021-02-01,40.450001,40.849998,40.029999,40.180000,39.386974,3454890
2021-02-02,40.634998,41.840000,40.520000,41.605000,40.783848,4937566
2021-02-03,42.790001,43.035000,41.740002,41.900002,41.073029,3640745
2021-02-04,42.025002,43.099998,41.435001,42.485001,41.646481,4129894
2021-02-05,42.900002,44.270000,42.165001,43.595001,42.734573,5453976
2021-02-08,44.275002,44.750000,43.730000,44.119999,43.249210,3781411
2021-02-09,44.400002,44.500000,43.500000,43.919998,43.053158,2904935
2021-02-10,44.349998,45.455002,44.165001,45.134998,44.244175,4973831
2021-02-11,45.195000,45.985001,44.685001,45.695000,44.793125,4402790
2021-02-12,45.575001,46.480000,45.419998,46.480000,45.562634,4715195
2021-02-15,47.255001,47.924999,46.860001,47.549999,46.611515,4440763
2021-02-16,47.500000,47.855000,47.009998,47.610001,46.670330,3006568
2021-02-17,47.834999,48.410000,47.400002,47.650002,46.709541,4450435
2021-02-18,47.619999,47.974998,46.834999,47.075001,46.145889,3548418
2021-02-19,47.099998,48.439999,46.985001,48.325001,47.371220,4444116
2021-02-22,48.134998,49.459999,47.619999,49.299999,48.326973,5069036
2021-02-23,49.770000,49.959999,48.560001,49.450001,48.474014,4441385
2021-02-24,49.455002,50.360001,49.125000,50.169998,49.179802,3788958
2021-02-25,50.610001,51.340000,50.310001,50.310001,49.317043,4243255
2021-02-26,49.424999,50.900002,49.005001,49.275002,48.302471,6149959
2021-03-01,49.980000,50.279999,49.134998,49.134998,48.165230,3659140
2021-03-02,49.005001,50.840000,48.950001,50.450001,49.454277,4269987
2021-03-03,50.730000,51.889999,50.680000,51.720001,50.699211,3921783
2021-03-04,51.369999,52.090000,50.549999,51.650002,50.630596,4089114
2021-03-05,51.549999,52.139999,50.730000,51.590000,50.571777,3983070
2021-03-08,52.209999,53.660000,51.970001,53.250000,52.199013,5231612
2021-03-09,53.299999,53.459999,51.639999,52.590000,51.552040,4990331
2021-03-10,52.439999,53.639999,52.369999,52.759998,51.718685,3782058
2021-03-11,52.599998,53.090000,51.330002,52.330002,51.297173,4068223
2021-03-12,52.459999,53.549999,52.459999,53.080002,52.032372,3674350
2021-03-15,52.910000,53.130001,51.450001,51.830002,50.807041,3517252
2021-03-16,52.500000,52.799999,50.810001,51.189999,50.179672,4684324
2021-03-17,51.200001,52.680000,51.200001,51.680000,50.660000,4296573
2021-03-18,52.340000,53.080002,52.169998,52.889999,51.846119,4194017
2021-03-19,52.369999,52.570000,50.910000,51.150002,50.140461,7982627
2021-03-22,50.040001,51.529999,49.580002,50.709999,49.709145,2998334
2021-03-23,50.380001,50.520000,49.790001,50.360001,49.366055,2889131
2021-03-24,49.650002,51.250000,49.180000,51.119999,50.111053,2771440
2021-03-25,50.889999,51.189999,50.060001,50.830002,49.826778,2736694
2021-03-26,51.299999,52.040001,50.919998,51.669998,50.650196,3104897
2021-03-29,51.189999,51.189999,50.209999,50.669998,49.669933,3462888
2021-03-30,51.279999,52.639999,51.000000,52.619999,51.581448,3299916
2021-03-31,52.349998,52.650002,51.820000,51.880001,50.856056,3197484
2021-04-01,52.040001,52.230000,51.520000,52.150002,51.120728,2303620
2021-04-06,52.500000,52.840000,51.799999,51.950001,50.924671,2729433
2021-04-07,51.950001,52.540001,51.709999,52.290001,51.257961,2275896
2021-04-08,52.349998,52.590000,51.619999,52.000000,50.973686,2845763
2021-04-09,52.099998,52.299999,51.400002,51.459999,50.444344,2616756
2021-04-12,51.209999,51.930000,50.849998,51.419998,50.405132,2450579
2021-04-13,51.500000,52.639999,51.270000,51.639999,50.620789,3223540
2021-04-14,51.410000,51.980000,51.169998,51.980000,50.954079,2361859
2021-04-15,52.009998,52.430000,51.730000,51.759998,50.738419,2963729
2021-04-16,51.820000,53.000000,51.759998,52.900002,51.855923,3535949
2021-04-19,52.900002,53.590000,52.340000,53.330002,52.277435,2646037
2021-04-20,53.290001,53.410000,50.799999,50.830002,49.826778,4635906
2021-04-21,50.820000,51.580002,49.695000,50.360001,49.366055,3159906
2021-04-22,50.500000,50.889999,50.230000,50.680000,49.679737,2491478
2021-04-23,50.320000,50.599998,49.744999,50.509998,49.513092,3081649
2021-04-26,50.599998,52.000000,50.040001,51.910000,50.885460,3706330
2021-04-27,51.970001,52.130001,51.430000,51.860001,50.836449,3380571
2021-04-28,52.250000,53.529999,52.189999,53.480000,52.424473,3992277
2021-04-29,53.770000,54.580002,53.419998,53.830002,52.767567,4288493
2021-04-30,53.299999,53.619999,52.299999,53.389999,52.336250,4036309
2021-05-03,53.500000,54.009998,53.080002,53.459999,52.404869,2051674
2021-05-04,53.750000,54.860001,52.910000,53.049999,52.002960,3830276
2021-05-05,53.810001,54.900002,53.770000,54.900002,53.816448,3959259
2021-05-06,54.950001,55.630001,54.240002,54.910000,53.826252,4336530
2021-05-07,55.380001,55.450001,54.230000,54.779999,53.698814,3801996
2021-05-10,55.439999,55.869999,54.950001,55.820000,54.718288,3907318
2021-05-11,55.220001,56.020000,55.029999,55.799999,54.698685,4554417
2021-05-12,55.570000,56.709999,55.349998,56.599998,55.482895,4855858
2021-05-13,55.700001,56.259998,54.430000,56.060001,54.953556,3446779
2021-05-14,56.560001,57.259998,56.230000,57.040001,55.914211,3307523
2021-05-17,57.139999,57.169998,56.439999,56.980000,55.855396,2510944
2021-05-18,57.450001,57.919998,56.810001,57.070000,55.943619,2884081
2021-05-19,56.540001,57.450001,54.939999,55.939999,54.835922,4155798
2021-05-20,56.299999,56.500000,55.570000,56.209999,55.100594,2960089
2021-05-21,56.220001,56.419998,55.750000,56.240002,55.130001,4109887
2021-05-24,55.660000,55.779999,54.930000,55.599998,55.599998,1631472
2021-05-25,55.700001,56.090000,55.290001,55.400002,55.400002,2588828
2021-05-26,55.340000,55.560001,53.840000,54.650002,54.650002,3854734
2021-05-27,54.349998,56.389999,54.240002,56.389999,56.389999,7218484
2021-05-28,56.889999,56.900002,55.770000,56.480000,56.480000,3420514
2021-05-31,56.389999,56.389999,55.720001,55.849998,55.849998,1717674
2021-06-01,56.180000,57.009998,56.080002,56.709999,56.709999,2710254
2021-06-02,56.700001,57.000000,56.200001,57.000000,57.000000,2305482
2021-06-03,56.830002,57.639999,56.799999,57.439999,57.439999,2414284
2021-06-04,57.439999,57.820000,57.090000,57.110001,57.110001,2409136